Aba.html,Female
Abe.html,Male
Adlar.html,Male
Adult_Link.html,Male
Agahnim.html,Male
Aginah.html,Male
Agitha.html,Female
Agus.html,Male
Aji.html,Male
Akh_Va'quot.html,Male
Aldo.html,Male
Aldo_(Korok).html,Male
Aldo_(The_Crystal_Trap).html,Male
Alf.html,Male
Alfonzo.html,Male
Aliza.html,Female
Alora.html,Female
Amali.html,Female
Ambi.html,Female
Amira.html,Female
Amy.html,Female
Anche.html,Female
Ancient_Hero.html,Male
Anjean.html,Female
Anju's_Grandmother.html,Female
Anju's_Mother.html,Female
Anju.html,Female
Ankle.html,Male
Anouki_Village_Goron.html,Male
Anton.html,Male
Anton_(The_Minish_Cap).html,Male
Anton_(The_Wind_Waker).html,Male
Anutu.html,Male
Ardin.html,Female
Ariane.html,Female
Arizona.html,Male
Armes.html,Male
Armorer.html,Male
Armourer.html,Male
Arn.html,Male
Aroo.html,Male
Aryll.html,Female
Ashai.html,Female
Ashe.html,Male
Ashei's_Father.html,Male
Ashei.html,Female
Astrid.html,Female
Aurie_Taamu.html,Male
Auru.html,Male
Aveil.html,Female
Average_Middle-Aged_Man.html,Male
Axyl.html,Male
Aya.html,Female
Aypo.html,Male
Azu.html,Male
Azusa.html,Female
BS-X_Avatar.html,Undefined
Babi.html,Female
Bag_Guy.html,Male
Baga_Tree.html,Male
Bagu.html,Male
Baito.html,Male
Banji.html,Female
Banker.html,Male
Bard.html,Male
Bareeda_Naag.html,Male
Bargoh.html,Male
Baris.html,Male
Barkle.html,Male
Barnes.html,Male
Baron.html,Male
Barta.html,Female
Basht_and_Bisht.html,Male
Batreaux.html,Male
Baumer.html,Male
Bayge.html,Male
Bazaar_Owner.html,Male
Bazz.html,Male
Bean_Seller.html,Male
Bearded_Baron.html,Male
Beast_Ganon.html,Male
Beast_ganon-2.html,Male
Beaver_Brothers.html,Male
Beavers.html,Male
Bedoli.html,Female
Bee_Guy.html,Male
Beedle.html,Male
Beggar.html,Male
Belari.html,Male
Bella.html,Female
Bellum.html,Male
Bellumbeck.html,Male
Benja.html,Undefined
Benny.html,Female
Beramuu.html,Male
Berry.html,Female
Bertie.html,Male
Bertri.html,Female
Beth.html,Female
Beth_(Ocarina_of_Time%2FMajora's_Mask).html,Female
Beth_(Twilight_Princess).html,Female
Big_Bad_Max.html,Male
Big_Bro.html,Male
Big_Dark_Stalfos.html,Male
Biggoron.html,Male
Bindle.html,Male
Bipin's_and_Blossom's_Son.html,Male
Bipin.html,Male
Bipsom.html,Male
Bird-Masked_Man.html,Male
Bird_Lover.html,Male
Blaaz.html,Male
Blacksmith's_Daughter.html,Female
Blacksmith's_Shop.html,Male
Blacksmith's_Wife.html,Female
Blacksmith.html,Male
Blacksmith_(A_Link_Between_Worlds).html,Male
Blacksmith_(The_Faces_of_Evil).html,Male
Bladon.html,Male
Blaino.html,Male
Blaino_(Oracle_of_Seasons).html,Male
Blind.html,Male
Blind_the_Thief.html,Male
Blossom.html,Female
Bludo.html,Male
Blue_Fairy.html,Female
Blue_Knight.html,Male
Blue_Maiden.html,Female
Blue_Snake.html,Male
Blynne.html,Male
Bo.html,Male
Bob.html,Male
Bohrin.html,Male
Boldon.html,Male
Bolson.html,Male
Bomb-Master_Cannon.html,Male
Bomb-Shop_Man.html,Male
Bomb_Seller.html,Male
Bomb_Shop_Owner.html,Male
Bomb_Shopkeeper.html,Male
Bonooru.html,Male
Boomerang_Dealer.html,Male
Borken.html,Male
Borlov.html,Male
Borville.html,Male
Bosco.html,Male
Bosh_Kala.html,Male
Boss_Blin.html,Male
Botrick.html,Male
Bouldering_Guy.html,Male
Boy.html,Male
Boy_in_the_Graveyard.html,Male
Bozai.html,Male
Brac.html,Male
Branli.html,Male
Brant.html,Male
Bremeur.html,Male
Bremor.html,Male
Brent.html,Male
Breve.html,Female
Bridge_Worker.html,Male
Brigo.html,Male
Brocco.html,Male
Brokka.html,Female
Bronzi.html,Male
Bucha.html,Male
Bug-Catching_Kid.html,Male
Bug_Catching_Kid.html,Male
Bugut.html,Male
Bulblin_Captain.html,Male
Buliara.html,Female
Bully's_Friend.html,Male
Bully.html,Male
Bulu.html,Male
Bunnio.html,Male
Bunny_Link.html,Male
Buri.html,Male
Buriki.html,Undefined
Byrne.html,Male
Cado.html,Male
Calamity_Ganon.html,Male
Calip.html,Male
Calisa.html,Female
Calyban.html,Female
Cambo.html,Male
Candy.html,Male
Candy_(The_Minish_Cap).html,Female
Canni.html,Female
Cannon_(character).html,Male
Cano.html,Male
Canolo.html,Female
Cap'n.html,Male
Caprice.html,Female
Captain.html,Male
Captain_(A_Link_Between_Worlds).html,Male
Captain_Keeta.html,Male
Captain_Krin.html,Male
Captain_Teake.html,Female
Captain_Viscen.html,Male
Cara.html,Female
Carben.html,Male
Cargo.html,Male
Carlov.html,Male
Carpenters'_Boss.html,Male
Carpet_Merchant.html,Male
Cassiopia.html,Female
Catfish.html,Male
Catherine.html,Female
Cawlin.html,Male
Cecili.html,Female
Cecilia.html,Female
Celessa.html,Female
Ceremonial_Troop.html,Male
Chaas_Qeta.html,Male
Chabi.html,Female
Chai.html,Female
Chancellor_Cole.html,Male
Charles.html,Male
Charles_of_Moria.html,Male
Charlo.html,Male
Chef.html,Male
Chef_(Freshly-Picked_Tingle's_Rosy_Rupeeland).html,Male
Chef_(Oracle_of_Ages).html,Male
Chef_Bear.html,Undefined
Cherry.html,Female
Chessica.html,Female
Cheval.html,Male
Chiko's_Grandmother.html,Female
Chiko's_Mum.html,Female
Chiko.html,Female
Child_Link.html,Male
Chio.html,Male
Chiro.html,Male
Chiruta.html,Male
Chork.html,Male
Chris_Houlihan.html,Male
Christine.html,Female
Chuckles.html,Male
Chudley.html,Male
Chumin.html,Male
Cia.html,Female
Ciela.html,Female
Cima.html,Female
Claree.html,Female
Clavia.html,Female
Cleaning_Man.html,Male
Cleff.html,Male
Clock_Soldiers.html,Male
Cloud.html,Female
Cloyne.html,Male
Cobal.html,Male
Cole.html,Male
Colin.html,Male
Comedian.html,Male
Conly.html,Male
Controller_Troop.html,Male
Coro.html,Male
Cotera.html,Female
Cottla.html,Female
Craftsman.html,Male
Crazy_Tracy.html,Female
Crazy_Yook.html,Male
Cree.html,Female
Cremia.html,Female
Crenel_Hermit.html,Male
Crimson_Loftwing.html,Male
Crone.html,Female
Croo.html,Male
Cucco_Girl.html,Female
Cucco_Keeper.html,Male
Cucco_Lady.html,Female
Cucco_Salesman.html,Male
Cupid.html,Male
Curiosity_Shop_Guy.html,Male
Curiosity_Shop_Owner.html,Male
Cursed_Fairy.html,Female
Cursed_Man.html,Male
Cursed_Swordsman.html,Male
Customer.html,Male
Cyclos.html,Male
Cylos.html,Male
Daag_Chokah.html,Male
Dabi.html,Male
Dagah_Keek.html,Male
Dah_Hesho.html,Male
Dah_Kaso.html,Male
Dai.html,Male
Daka_Tuss.html,Male
Dako_Tah.html,Male
Dalia.html,Female
Daltus.html,Male
Dampa.html,Male
Dampa_the_Sailor.html,Male
Dampe.html,Male
Dampe_.html,Male
DampÇ.html,Male
DampÇ_.html,Male
Danda.html,Female
Dangoro.html,Male
Dante.html,Male
Danton.html,Male
Dantz.html,Male
Daphnes.html,Male
Daphnes_Nohansen_Hyrule.html,Male
Daqa_Koh.html,Male
Daqo_Chisay.html,Male
Darbus.html,Male
Dark_Beast.html,Male
Dark_Beast_Ganon.html,Male
Dark_Cia.html,Female
Dark_Dragon.html,Male
Dark_Impa.html,Female
Dark_Lana.html,Female
Dark_Link_(Hyrule_Warriors).html,Male
Dark_Ore_Salesman.html,Male
Dark_Twili_Midna.html,Female
Dark_Wizzro.html,Male
Dark_Zant.html,Male
Darknut_Prime.html,Male
Darmani.html,Male
Darmani_III.html,Male
Darmani_the_Third.html,Male
Darpa.html,Male
Darton.html,Male
Daruk.html,Male
Darunia.html,Male
Dating_Woman.html,Female
Dave.html,Male
David_Jr.html,Male
Dayto.html,Male
Dazzle_Lyphos.html,Male
Death_Mountain_Trail_Guard.html,Male
Decci.html,Undefined
Dekadin.html,Male
Dekki.html,Male
Deku's_Heir.html,Male
Deku_Butler's_Son.html,Male
Deku_Butler.html,Male
Deku_King.html,Male
Deku_Link.html,Male
Deku_Princess.html,Female
Deku_Tree.html,Male
Deku_Tree_Sprout.html,Male
Deltan.html,Female
Demise's_Sword.html,Male
Demise.html,Male
Dento.html,Male
Deppi.html,Undefined
Derby_Boy.html,Male
Derby_Girl.html,Female
Desert_Piratian.html,Male
Devilish_Girl.html,Female
Dila_Maag.html,Male
Dillie.html,Male
Dimitri.html,Male
Din_(Goddess).html,Female
Din_(Oracle).html,Female
Din_(goddess).html,Female
Din_(oracle).html,Female
Dina.html,Female
Dina_(Breath_of_the_Wild).html,Female
Dinolfos_Chieftain.html,Male
Dmitri.html,Male
Dobo.html,Undefined
Doc_Bandam.html,Male
Doctor_Borville.html,Male
Dodoh.html,Male
Domidak.html,Male
Domingo.html,Male
Don_Gero.html,Male
Doof.html,Male
Doppel_Master.html,Male
Dorian.html,Male
Dorill.html,Male
Dorrah.html,Female
Dottie.html,Female
Douma.html,Female
Dovos.html,Male
Dow_Na'eh.html,Male
Dowser.html,Male
Doylan.html,Male
Doyle.html,Male
Dr-2.html,Male
Dr-3.html,Male
Dr-4.html,Male
Dr-5.html,Male
Dr.html,Male
Drak.html,Male
Drona.html,Male
Drona_(Korok).html,Male
Droolik.html,Male
Dugby.html,Male
Duke.html,Male
Duke_Onkled.html,Male
Duko.html,Female
Dunba_Taag.html,Male
Dungeon_Bro.html,Male
Dunma.html,Female
Dwarven_Swordsmith.html,Male
Dwarven_Swordsmiths.html,Male
Eagle_(Tingle's_Balloon_Trip_of_Love).html,Male
Eagus.html,Male
Eddo.html,Male
Edelweiss.html,Female
Eenie_&_Meenie.html,Male
Eighth_Heroine.html,Female
Elderly_Zora.html,Male
Eldin_(Dragon).html,Male
Eldin_(Skyward_Sword).html,Male
Eldin_(Spirit).html,Undefined
Elma.html,Male
Elsie.html,Female
Ember.html,Male
Embrose.html,Male
Embry.html,Male
Emma.html,Female
Emri.html,Female
Ena.html,Female
Endai.html,Male
Engineer.html,Male
Epona.html,Female
Erik.html,Male
Erla.html,Male
Ernesto.html,Male
Erol.html,Male
Error.html,Male
Eryck.html,Male
Essa.html,Female
Estan.html,Female
Estragon.html,Male
Etsu_Korima.html,Male
Evan.html,Male
Explorer.html,Male
Ezlo.html,Male
Fabulous_Five_Froggish_Tenors.html,Male
Fabulously_Rich_Family.html,Male
Fado_(Ocarina_of_Time).html,Female
Fado_(The_Wind_Waker).html,Male
Fado_(Twilight_Princess).html,Male
Fairy_King.html,Male
Fairy_Lover.html,Male
Fairy_Queen.html,Female
Falbi.html,Male
False_Zelda.html,Female
Fanadi.html,Female
Faron_(Dragon).html,Female
Faron_(Skyward_Sword).html,Female
Faron_(Spirit).html,Undefined
Farore_(Goddess).html,Female
Farore_(Oracle).html,Female
Farore_(goddess).html,Female
Farore_(oracle).html,Female
Fat_Faerie.html,Female
Fat_Fairy.html,Female
Faux_Hero.html,Male
Fegran.html,Female
Felicia.html,Female
Female_Monkey.html,Female
Ferrus.html,Male
Festari.html,Male
Fi.html,Undefined
Fierce_Deity.html,Male
Fierce_Deity_Link.html,Male
Fierce_Diety_Link.html,Male
Fifi.html,Undefined
Fin.html,Male
Finley.html,Female
First_Mate.html,Male
Fish_Lady.html,Female
Fish_Saleswoman.html,Female
Fisherman.html,Male
Fisherman_(Link's_Awakening).html,Male
Fisherman_(Majora's_Mask).html,Male
Fishing_Hole_Man.html,Male
Fishing_Hole_Men.html,Male
Fishing_Pond_Man.html,Male
Fishman.html,Undefined
Fishmen.html,Undefined
Flash.html,Male
Flat.html,Male
Flavi.html,Female
Fledge.html,Male
Floodgate_Keeper.html,Male
Flurris.html,Female
Flute_Boy's_Father.html,Male
Flute_Boy.html,Male
Flying_Carpet.html,Male
Flying_Rooster.html,Male
Fofo.html,Male
Foolish_Monkey.html,Male
Foreman_(Freshly-Picked_Tingle's_Rosy_Rupeeland).html,Male
Foreman_(Oracle_of_Ages).html,Male
Forest_Sage.html,Female
Fortune's_Choice_Guy.html,Male
Fortune_Goddess.html,Female
Fortune_Link.html,Male
Four_Giants.html,Male
Freedle.html,Undefined
Frelly.html,Female
Frita.html,Female
Frog_Link.html,Male
Fronk.html,Male
Fugo.html,Male
Furosa.html,Female
Fuzo.html,Male
Fyer.html,Male
Fyrus.html,Male
Fyson.html,Male
Gabora.html,Male
Gaddison.html,Female
Gaepora.html,Male
Gage.html,Male
Gaile.html,Female
Gale.html,Female
Gale_and_Hailey.html,Female
Gampy.html,Male
Ganon's_Sword.html,Male
Ganon.html,Male
Ganon_(Hyrule_Warriors).html,Male
Ganondorf's_Steed.html,Male
Ganondorf.html,Male
Ganty.html,Female
Garadon.html,Male
Garill.html,Male
Garini.html,Male
Garo_Master.html,Male
Garrickson.html,Male
Gartan.html,Male
Gaspra.html,Male
Gee_Ha'rah.html,Male
Geetchee.html,Male
Geggle.html,Male
General_Onox.html,Male
Generalissimo.html,Male
Gengle.html,Male
Genli.html,Female
Gentari.html,Male
Gepper.html,Male
Gerudo_Master_of_Horseback_Archery.html,Female
Gesane.html,Male
Ghanti.html,Female
Ghirahim.html,Male
Ghost_Hunter.html,Male
Ghost_Ringleader.html,Female
Ghost_Summoner.html,Male
Ghost_Zelda.html,Female
Giant_Link.html,Male
Giant_Turtle.html,Male
Gillian.html,Female
Gina.html,Female
Girahim.html,Male
Girl.html,Female
Giro.html,Male
Gixx.html,Male
Gleema.html,Female
Glendo.html,Male
God_of_Courage.html,Female
God_of_Power.html,Female
God_of_Wisdom.html,Female
Goddess_Hylia.html,Female
Goddess_of_Spirits.html,Female
Goddess_of_Time.html,Female
Goddess_of_the_Sand.html,Female
Golden_Chief_Cylos.html,Male
Golden_Cucco.html,Male
Golden_Wolf.html,Male
Golo.html,Male
Goma_Asaagh.html,Male
Gondo's_Grandfather.html,Male
Gondo.html,Male
Gongoron.html,Male
Gonguron.html,Male
Gonzo.html,Male
Gor_Amoto.html,Male
Gor_Coron.html,Male
Gor_Ebizo.html,Male
Gor_Liggs'_Son.html,Male
Gor_Liggs.html,Male
Gorae_Torr.html,Male
Gorgon.html,Male
Gorko.html,Male
Gorman.html,Male
Gorman_Brothers.html,Male
Goron_Captain.html,Male
Goron_Elder's_Grandson.html,Male
Goron_Elder's_Son.html,Male
Goron_Elder.html,Male
Goron_Elder_(Majora's_Mask).html,Male
Goron_Elder_(Oracle_of_Ages).html,Male
Goron_Elder_(Spirit_Tracks).html,Male
Goron_Link.html,Male
Goron_Merchant.html,Male
Goron_Patriarch.html,Male
Goron_Punch.html,Male
Goron_Shop_Owner.html,Male
Goron_Summoner.html,Male
Goron_Target_Range_Operator.html,Male
Goronbeck.html,Male
Gortram.html,Male
Goselle.html,Female
Gossack.html,Male
Gossip_Woman.html,Female
Gotter.html,Male
Graceful_Gorons.html,Male
Gramps.html,Male
Grand_Fairy.html,Female
Grandma.html,Female
Grandma_Ulrira.html,Female
Grandmother.html,Female
Grandpa_Ulrira.html,Male
Granny.html,Female
Grante.html,Male
GrantÇ.html,Male
Grapp.html,Male
Grateful_Man.html,Male
Graveyard_Boy.html,Male
Grayblade.html,Male
Great_Butterfly_Fairy.html,Female
Great_Deku_Tree.html,Male
Great_Dragonfly_Fairy.html,Female
Great_Fairies.html,Female
Great_Fairy.html,Female
Great_Fairy_of_Courage.html,Female
Great_Fairy_of_Fire.html,Female
Great_Fairy_of_Flame.html,Female
Great_Fairy_of_Forest.html,Female
Great_Fairy_of_Ice.html,Female
Great_Fairy_of_Kindness.html,Female
Great_Fairy_of_Magic.html,Female
Great_Fairy_of_Power.html,Female
Great_Fairy_of_Wisdom.html,Female
Great_King_of_Hyrule_(The_Adventure_of_Link).html,Male
Great_Mayfly_Fairy.html,Female
Great_Moblin.html,Male
Great_Rupee_Fairy.html,Female
Greatblade.html,Male
Greba.html,Female
Green_Knight.html,Male
Green_Maiden.html,Female
Greenbeard.html,Undefined
Gregal's_Ghost.html,Male
Gregal.html,Male
Greta.html,Female
Greyson.html,Male
Grimblade.html,Male
Grimbo.html,Male
Grog.html,Male
Groose.html,Male
Growler.html,Male
Gruve.html,Male
Guard_Captain_Russell.html,Male
Guardian_of_Time.html,Female
Guide.html,Male
Guld.html,Male
Gulley.html,Male
Gully.html,Male
Gummy.html,Male
Gumo.html,Undefined
Guru-Guru.html,Male
Guru_Guru.html,Male
Gustaf.html,Male
Guufo.html,Male
Guy.html,Male
Gwonam.html,Male
Ha_Dahamar.html,Male
Hagen.html,Male
Hagie.html,Male
Hailey.html,Female
Hamsha.html,Female
Hanch.html,Male
Hand.html,Undefined
Hannah.html,Female
Happy_Mask_Salesman.html,Male
Happy_Mask_Shop_Owner.html,Male
Harbanno.html,Male
Harkannian.html,Male
Harkinian.html,Male
Harlow.html,Female
Harrison.html,Male
Harth.html,Male
Hawa_Koth.html,Male
Healing_Lady.html,Female
Heavenly_Messenger.html,Male
Heehi.html,Male
Helmaroc_King.html,Male
Helmethead.html,Male
Hena.html,Female
Henya.html,Female
Herald.html,Undefined
Herb.html,Male
Hero's_Shade-2.html,Male
Hero's_Shade.html,Male
Hero's_Spirit.html,Male
Hero.html,Male
Hero_of_Light.html,Male
Hero_of_Men.html,Male
Hero_of_Time.html,Male
Hero_of_Winds.html,Male
Hero_of_the_Gorons.html,Male
Hestu.html,Male
Hia_Miu.html,Male
Hila_Rao.html,Male
Hilda.html,Female
Hino.html,Male
Hinox_(Character).html,Undefined
Hinox_Bros.html,Male
Hinox_Brothers.html,Male
Hinox_the_Elder.html,Male
Hinox_the_Eldest.html,Male
Hint_Ghost.html,Undefined
Hintobo.html,Undefined
Hippo.html,Female
Hippo_Model.html,Female
Hoiger_Howgendoogen.html,Male
Hollo.html,Male
Holly.html,Female
Honcho.html,Male
Honey_&_Darling.html,Undefined
Hooded_Shopkeeper.html,Female
Horgum.html,Male
Horned_Statue.html,Undefined
Horwell.html,Male
Hoskit's_Girlfriend.html,Female
Hoskit.html,Male
Hot_Rodder_Goron.html,Male
Housekeeper.html,Female
Hoz.html,Male
Huck.html,Male
Hudson.html,Male
Human_ganon.html,Male
Hungry_Girl.html,Female
Hungry_Goriya.html,Male
Hungry_Goron.html,Male
Hunnie.html,Female
Hurdy-Gurdy_Man.html,Male
Hylia's_Chosen_Hero.html,Male
Hylia.html,Female
Hylia_(Goddess).html,Female
Hyrulean_Captain.html,Male
Hyrulean_Summoner.html,Male
Ichiro.html,Male
Igos'_Servants.html,Male
Igos_du_Ikana.html,Male
Ilari.html,Male
Ilia.html,Female
Impa.html,Female
Impaz.html,Female
Imprisoned_Monkey.html,Male
Informant_Woman.html,Female
Inga.html,Female
Ingo.html,Male
Innkeeper.html,Male
Iona.html,Female
Irch.html,Male
Irene.html,Female
Iris.html,Female
Iron_Salesman.html,Male
Isha.html,Female
Ishto_Soh.html,Male
Island_Chief.html,Male
Item_Seller.html,Female
Item_Seller_(Hyrule).html,Female
Item_Seller_(Lorule).html,Male
Ivan.html,Male
Ivee.html,Female
Ivena.html,Female
Iza's_Assistant.html,Female
Iza.html,Female
Izra.html,Male
Ja_Baij.html,Male
Jabu-Jabu.html,Male
Jabun.html,Male
Jacob.html,Male
Jaggle.html,Male
Jago.html,Male
Jakamar.html,Male
Jan.html,Male
Jana.html,Female
Japas.html,Male
Jasmine.html,Female
Jee_Noh.html,Male
Jellyf.html,Female
Jengo.html,Male
Jermafenser.html,Male
Jerrin.html,Female
Jeweler.html,Male
Jeweler_(Freshly-Picked_Tingle's_Rosy_Rupeeland).html,Male
Jeweller.html,Male
Jiahto.html,Male
Jim.html,Male
Jim_(Majora's_Mask).html,Male
Jim_(The_Minish_Cap).html,Undefined
Jin.html,Male
Jini.html,Male
Jiro.html,Male
Jitan_Sa'mi.html,Male
Joanna.html,Female
Joanna_and_Potova.html,Female
Joanne.html,Female
Joel.html,Male
Joel_(The_Minish_Cap).html,Male
Joelle.html,Female
Jogo.html,Male
Johnny.html,Male
Jolene.html,Female
Joloo_Nah.html,Male
Jora.html,Male
Jotari.html,Male
Journalist.html,Male
Joute.html,Male
Jovan.html,Male
Jovani.html,Male
Joynas.html,Female
Juannelle.html,Female
Judge.html,Male
Jules.html,Female
Julietta.html,Undefined
Jun-Roberto.html,Male
June.html,Female
Juney.html,Female
Junglo.html,Male
Ka'o_Makagh.html,Male
Kaam_Ya'tak.html,Male
Kabetta.html,Male
Kachoo.html,Female
Kaepora_Gaebora.html,Undefined
Kafei.html,Male
Kagoron.html,Male
Kah_Mael.html,Male
Kah_Okeo.html,Male
Kah_Yah.html,Male
Kairo.html,Male
Kakariko_Item_Seller.html,Female
Kakashi.html,Male
Kalani.html,Female
Kam_Urog.html,Male
Kamaro.html,Male
Kamia_Omuna.html,Male
Kamo.html,Male
Kampo.html,Male
Kane.html,Male
Kaneli.html,Male
Kanny.html,Male
Kapson.html,Male
Karane.html,Female
Karin.html,Female
Karsh.html,Female
Karson.html,Male
Karuna.html,Male
Kashiko.html,Female
Kass.html,Male
Katah_Chuki.html,Male
Katosa_Aug.html,Male
Katta.html,Female
Kay_Noh.html,Male
Kaya_Wan.html,Male
Kayden.html,Male
Kayo.html,Male
Kayra_Mah.html,Male
Kaysa.html,Female
Ke'nai_Shakah.html,Male
Keaton_(Ocarina_of_Time%2FMajora's_Mask).html,Male
Keaton_Mask_Soldier.html,Male
Kee_Dafunia.html,Male
Keeha_Yoog.html,Male
Keeley.html,Female
Keet.html,Male
Keeta.html,Male
Keh_Namut.html,Male
Keive_Tala.html,Male
Kema_Kosassa.html,Male
Kema_Zoos.html,Male
Kenyo.html,Male
Keo_Ruug.html,Male
Ketoh_Wawai.html,Male
Keye.html,Male
Kheel.html,Female
Khini.html,Male
Kiah_Toza.html,Male
Kiana.html,Female
Kidnapped_Child.html,Male
Kihiro_Moh.html,Male
Kiki.html,Male
Kiki_the_Monkey.html,Male
"Kili,_Hanna,_and_Misha.html",Female
"Kili,_Hannah_and_Misha.html",Female
Kili.html,Female
Kilton.html,Male
Kima.html,Male
Kina.html,Female
King_Bulblin.html,Male
King_Daltus.html,Male
King_Daphnes.html,Male
King_Daphnes_Nohansen_Hyrule.html,Male
King_Desma.html,Male
King_Dodongo.html,Male
King_Dorephan.html,Male
King_Gustaf.html,Male
King_Harkinian.html,Male
King_Moblin.html,Male
King_Mutoh.html,Male
King_Oberon.html,Male
King_Rhoam.html,Male
King_Tuft.html,Male
King_Zora.html,Male
King_Zora_(A_Link_to_the_Past).html,Male
King_Zora_(Ocarina_of_Time).html,Male
King_Zora_(Oracle_of_Ages).html,Male
King_Zora_(Twilight_Princess).html,Male
King_Zora_XVI.html,Male
King_of_Hyrule.html,Male
King_of_Hyrule_(A_Link_to_the_Past).html,Male
King_of_Hyrule_(Ocarina_of_Time).html,Male
King_of_Hyrule_(The_Adventure_of_Link).html,Male
King_of_Hyrule_(The_Shadow_Prince).html,Male
King_of_Red_Lions.html,Male
Klaus.html,Male
Know-It-All_Brothers.html,Male
Knuckle.html,Male
Koboli.html,Male
Kodah.html,Female
Kofu.html,Male
Kogoli.html,Male
Kogoron.html,Male
Kohga.html,Male
Kohm.html,Female
Koko.html,Female
Komali's_Grandmother.html,Female
Komali.html,Male
Konora.html,Female
Kooloo-Limpah.html,Male
Korgu_Chideh.html,Male
Korsh_O'hu.html,Male
Kortz.html,Male
Kotake.html,Female
Kotta.html,Female
Kotts.html,Female
Koume.html,Female
Koume_and_Kotake.html,Female
Koyin.html,Female
Krane.html,Male
Kreeb.html,Male
Kuh_Takkar.html,Male
Kuhn_Sidajj.html,Male
Kukiel.html,Female
Kumu.html,Male
Kyra.html,Female
Lady_Alma.html,Female
Lady_Maud.html,Female
Laflat.html,Female
Laine.html,Female
Laissa.html,Female
Lake_Scientist.html,Male
Lakeside_Item_Seller.html,Male
Lakeside_Item_Seller_(Hyrule).html,Male
Lakeside_Item_Seller_(Lorule).html,Male
Lakna_Rokee.html,Male
Lana.html,Female
Lanayru_(Dragon).html,Male
Lanayru_(Skyward_Sword).html,Male
Lanayru_(Spirit).html,Undefined
Lanno_Kooh.html,Male
Laroba.html,Female
Laruta.html,Female
Laruto.html,Female
Lashley.html,Female
Lasli.html,Female
Laughing_Men.html,Male
Leaf.html,Male
Ledd.html,Male
Ledo.html,Male
Leekah.html,Female
Leena.html,Female
Leila.html,Female
Lenzo.html,Male
Leop.html,Male
Lester.html,Male
Levias.html,Male
Li'l_Hinox.html,Male
Liana.html,Female
Librari.html,Male
Librarian.html,Male
Lika.html,Female
Lila.html,Female
Linda.html,Female
Linder.html,Male
Lineback.html,Male
Linebeck.html,Male
Linebeck_III.html,Male
Link's_Butler.html,Male
Link's_Cow.html,Female
Link's_Father.html,Male
Link's_Grandma.html,Female
Link's_Grandmother.html,Female
Link's_Mother.html,Female
Link's_Uncle.html,Male
Link.html,Male
Link_(Pig).html,Male
Link_of_the_Gorons.html,Male
Link_the_Cat.html,Male
Link_the_Goron.html,Male
Link_the_Pig.html,Male
Linkle's_Grandmother.html,Female
Linkle.html,Female
Links.html,Male
Lion.html,Male
Lizalfos_Chieftain.html,Male
Lockpicker.html,Male
Lolly.html,Male
Lonely_Goron.html,Male
Lonni.html,Male
Look-What-I-Found_Kid.html,Male
Loone.html,Female
Loot.html,Male
Lopsa.html,Male
Lord_Bullbo.html,Undefined
Lord_Jabu-Jabu.html,Male
Lord_Kiro.html,Male
Lorn.html,Female
Lost_Old_Man.html,Male
Louise.html,Female
Loyal_Sage.html,Male
Lubonga.html,Female
Lucky_Lee.html,Male
Luda.html,Female
Lukan.html,Female
Lulu's_Mother.html,Female
Lulu.html,Female
Lumber_Salesman.html,Male
Lumberjack.html,Male
Lumberjacks.html,Male
Lunar_Children.html,Male
Luv.html,Female
Lyndae.html,Male
Lynna_City_Comedian.html,Male
Maag_Halan.html,Male
Maag_No'rah.html,Male
Mabe_Village_Shopkeeper.html,Male
Machi.html,Male
Mack.html,Male
Mad_Batter.html,Male
Madam_Couture.html,Female
Madam_MeowMeow.html,Female
Madam_Meowmeow-2.html,Female
Madame_Aroma.html,Female
Madame_Couture's_Apprentice.html,Male
Madame_Couture's_Assistant.html,Male
Madame_Couture.html,Female
Madame_Fanadi.html,Female
Madame_Grusha.html,Female
Madame_MeowMeow.html,Female
Madame_Scratchcard.html,Female
Magda.html,Female
Maggie's_Father.html,Male
Maggie.html,Female
Maggie_(The_Minish_Cap).html,Female
Maggie_(The_Wind_Waker).html,Female
Magician.html,Male
Mah_Eliya.html,Male
Maiden.html,Female
Maidens.html,Female
Maike.html,Female
Majiyo.html,Female
Majora.html,Undefined
Maka_Rah.html,Male
Makar.html,Male
Makeela_Riju.html,Female
Mako.html,Male
Maku.html,Undefined
Maku_Tree's_Meadow.html,Undefined
Maku_Tree.html,Undefined
Maku_Tree_(Oracle_of_Ages).html,Female
Maku_Tree_(Oracle_of_Seasons).html,Male
Makure.html,Female
Malanya.html,Male
Malena.html,Female
Malladus.html,Male
Mallara.html,Female
Malo.html,Male
Malon.html,Female
Malver.html,Male
Mama.html,Female
Mama_Turtle.html,Undefined
Mamamu_Yan.html,Female
Mamba.html,Female
Mamu.html,Male
Man_Who_Could_See_the_Truth.html,Male
Man_from_Curiosity_Shop.html,Male
Man_from_Trading_Post.html,Male
Man_from_the_Bazaar.html,Male
Man_from_the_Bomb_Shop.html,Male
Man_from_the_Curiosity_Shop.html,Male
Man_from_the_Medicine_Shop.html,Male
Man_from_the_Shooting_Gallery.html,Male
Man_from_the_Swamp_Shooting_Gallery.html,Male
Man_from_the_Trading_Post.html,Male
Man_in_Blind's_Hideout.html,Male
Man_of_Smiles.html,Male
Man_on_the_Roof.html,Male
Manbo.html,Male
Mandrag_Ganon.html,Male
Manny.html,Male
Manny_(Breath_of_the_Wild).html,Male
Manny_(The_Wind_Waker).html,Male
Map-Seller.html,Female
Mapes.html,Female
Maple.html,Female
Marathon_Man.html,Male
Marcy.html,Undefined
Marin.html,Female
Marot.html,Female
Marshall.html,Male
Marta.html,Female
Martha.html,Female
Masaru.html,Male
Mascot.html,Undefined
Mask_Salesman.html,Male
Masked_Elder.html,Male
Masked_Granny.html,Female
Master.html,Male
Master_Craftsman.html,Male
Master_Diver.html,Male
Master_Drona.html,Male
Master_Kohga.html,Male
Match_Master.html,Male
Max.html,Male
Mayor_Bo.html,Male
Mayor_Cravendish.html,Male
Mayor_Dotour.html,Male
Mayor_Hagen.html,Male
Mayor_Kravindish.html,Male
Mayor_Plen.html,Male
Mayor_Ruul.html,Male
Maypin.html,Male
Mayro.html,Male
Maz_Koshia.html,Male
Mazli.html,Male
Mazo.html,Undefined
McNey.html,Male
Medicine_Shop_Owner.html,Male
Medigoron.html,Male
Medilia.html,Female
Medli.html,Female
Meeshy.html,Female
Meg.html,Female
Megaphone_Old_Man.html,Male
Meghyn.html,Female
Mei.html,Female
Mel_and_Rom.html,Female
Melari.html,Male
Mellie.html,Female
Merchant.html,Male
Merco.html,Male
Merina.html,Female
Mermaid_Sidequest.html,Female
Mesa.html,Male
Mezer.html,Male
Mezza_Lo.html,Male
Mia.html,Female
Midna's_Father.html,Male
Midna.html,Female
Mido.html,Male
Miff.html,Female
Mighty_Muscles.html,Male
Mija.html,Female
Mijah_Rokee.html,Male
Mikau.html,Male
Mike.html,Male
Mila's_Father.html,Male
Mila.html,Female
Milk_Bar_Owner.html,Male
Milk_Bar_Owner_(Hyrule).html,Male
Milk_Bar_Owner_(Lorule).html,Male
Mils.html,Male
Mimi.html,Female
Mimo.html,Male
Mimos.html,Male
Mina.html,Female
Minenco.html,Female
Mini-game_Operator.html,Female
Minish_Elder.html,Male
Minish_Link.html,Male
Minister_Potho.html,Male
Mipha.html,Female
Mirro_Shaz.html,Male
Misa.html,Female
Misae_Suma.html,Male
Misha.html,Female
Misko.html,Male
Miss_Goat.html,Female
Miss_Marie.html,Female
Miss_Tetra.html,Female
Missy.html,Female
Missy_(Freshly-Picked_Tingle's_Rosy_Rupeeland).html,Female
Missy_(The_Wind_Waker).html,Female
Mittens'_Owner.html,Male
Mittens.html,Female
Mizumi.html,Male
Mo'a_Keet.html,Male
Moblin_Boss.html,Male
Modar.html,Male
Moe.html,Male
Mogg_Latan.html,Male
Moggs.html,Male
Molli.html,Female
Monari.html,Female
Monk_Maz_Koshia.html,Male
Monkton.html,Male
Monpe.html,Female
Monster_Lady.html,Female
Monya_Toma.html,Male
Moosh.html,Male
Morpheel.html,Undefined
Morshu.html,Male
Mother_Maiamai.html,Female
Mountain_Goddess.html,Female
Moza.html,Female
Mozo_Shenno.html,Male
Mr-2.html,Male
Mr-3.html,Male
Mr-4.html,Male
Mr-5.html,Male
Mr-6.html,Male
Mr.html,Male
Mrs-2.html,Female
Mrs.html,Female
Muava.html,Female
Mubs.html,Female
Mutoh's_Apprentice.html,Male
Mutoh.html,Male
Muwo_Jeem.html,Male
Muzu.html,Male
Myahm_Agana.html,Male
Myra.html,Female
Mysterious_Man.html,Male
Nabooru's_Second-in-Command.html,Female
Nabooru.html,Female
Nack.html,Male
Nackle.html,Male
Nali.html,Female
Namali.html,Male
Namika_Ozz.html,Male
Nanna.html,Female
Narah.html,Female
Nat.html,Female
Navi.html,Female
"Nayru,_the_Oracle_of_Ages.html",Female
Nayru_(Goddess).html,Female
Nayru_(Oracle).html,Female
Nayru_(goddess).html,Female
Nayru_(oracle).html,Female
Ne'ez_Yohma.html,Male
Nebb.html,Male
Neil.html,Male
Nekk.html,Male
Nell.html,Male
Nellie.html,Female
Nelly.html,Female
Neri.html,Female
Nikki.html,Female
Niko.html,Male
Nilbom_the_Tailor.html,Male
Nobiro.html,Male
Nobo.html,Female
Nobodo.html,Undefined
Noe_Raiee.html,Male
Noko.html,Male
Notts.html,Female
Noya_Neha.html,Male
Nudge.html,Male
Nyave.html,Male
Nyeve.html,Male
Oakin.html,Male
Oasis_Butler.html,Male
Obli.html,Male
Ocean_Fishing_Hole_Owner.html,Male
Ocean_King.html,Male
Oceanside_Spider_House_Resident.html,Male
Octo.html,Undefined
Odranoel.html,Male
Official.html,Undefined
Offrak.html,Male
Ojī.html,Male
Old_Gent.html,Male
Old_Lady_from_Bomb_Shop.html,Female
Old_Man.html,Male
Old_Man_(Oracle_of_Seasons).html,Male
Old_Man_Ho_Ho.html,Male
Old_Timer.html,Male
Old_Wayfarer.html,Male
Old_Woman.html,Female
Old_Zora.html,Male
Oliff.html,Male
Olivio.html,Male
Olkin.html,Male
Ollie.html,Male
Olu.html,Female
Oman_Au.html,Male
Onox.html,Male
Ooccoo.html,Female
Ooccoo_Jr.html,Male
Ook.html,Male
Oolo.html,Male
Oracle_of_Secrets.html,Female
Orca.html,Male
Ordona_(Spirit).html,Undefined
Oren.html,Female
Orielle.html,Female
Original_Lulu.html,Female
Osfala.html,Male
Oshus.html,Male
Osun.html,Male
Out-of-place_Soldier.html,Male
Owa_Daim.html,Male
Owl.html,Male
Owl_(Link's_Awakening).html,Male
Owlan.html,Male
Ozunda.html,Male
Padok.html,Male
Paige.html,Female
Pamela's_Father.html,Male
Pamela.html,Female
Papa.html,Male
Papahl's_Wife.html,Female
Papahl.html,Male
Parcy.html,Female
Parot.html,Male
Parrow.html,Male
Part-Timer.html,Male
Part-time_Employee.html,Male
Pasha.html,Female
Pashli.html,Male
Patch.html,Male
Patricia.html,Female
Paul.html,Male
Paya.html,Female
Pearle.html,Female
Peater.html,Male
Peatrice.html,Female
Pelison.html,Male
Pepp.html,Male
Percy.html,Male
Perda.html,Female
Pergie.html,Female
Perosa.html,Female
Peter.html,Male
Phanna.html,Female
Phantom_Ganon.html,Male
Phantom_Zelda.html,Female
Philosopher.html,Male
Phoeni.html,Undefined
Photo_Bro.html,Male
Photographer.html,Male
Picto_Box_Thief.html,Male
Pierre.html,Male
Pig_ganon.html,Male
Pikango.html,Male
Pina.html,Female
Pingle.html,Female
Pink_Fairy.html,Female
Pinkle.html,Female
Piper.html,Female
Pipit.html,Male
Pippin.html,Male
Pirate's_Prisoner.html,Male
Pirates'_Prisoner.html,Male
Pirou.html,Male
Pita.html,Undefined
Pitar.html,Male
Piyoko.html,Female
Plats.html,Male
Player.html,Undefined
Plen.html,Male
Ploka.html,Female
Plumm.html,Female
Poe_Collector.html,Male
Poe_Salesman.html,Male
Pokki.html,Female
Pompie.html,Female
Pompie_and_Vera.html,Female
Pond_Owner.html,Male
Pondo.html,Male
Port_Town_Guard's_Wife.html,Female
Port_Town_Guard.html,Male
Possessed_Linebeck.html,Male
Possessed_Nayru.html,Female
Postman.html,Male
Postmaster.html,Undefined
Potova.html,Female
Potova_and_Joanna.html,Female
Priest.html,Male
Prima.html,Female
Prince_Komali.html,Male
Prince_Ralis.html,Male
Prince_Rouru.html,Male
Prince_Sidon.html,Male
Prince_of_Hyrule.html,Male
Princess_Hilda.html,Female
Princess_Midna.html,Female
Princess_Mipha.html,Female
Princess_Ruto.html,Female
Princess_Styla.html,Female
Princess_Zelda.html,Female
Princess_Zelda_I.html,Female
Prissen.html,Male
Pritana.html,Female
Professor.html,Male
Professor_Shikashi.html,Male
Proxi.html,Female
Pruce.html,Male
Pumaag_Nitae.html,Male
Pumm.html,Male
Purah.html,Female
Purdy.html,Female
Purlo.html,Male
Purple_Knight.html,Male
Purple_Maiden.html,Female
Purple_Shrine_Maiden.html,Female
Pyle.html,Male
Pyra.html,Female
Q.html,Male
Qaza_Tokki.html,Male
Qua_Raym.html,Male
Quadruplets.html,Male
Queen_Ambi.html,Female
Queen_Bee.html,Female
Queen_Elrora.html,Female
Queen_Fairy.html,Female
Queen_Oren.html,Female
Queen_Rutela.html,Female
Queen_Seline.html,Female
Queen_of_Fairies.html,Female
Quill.html,Male
Quince.html,Male
Qukah_Nata.html,Male
Rabbitland_Rescue_Man's_Wife.html,Female
Rabbitland_Rescue_Man.html,Male
Raccoon.html,Male
Racing_Bros.html,Male
Racing_Brothers.html,Male
Rael.html,Male
Rafton.html,Male
Ralera.html,Female
Ralis.html,Male
Ralph.html,Male
Ramella.html,Female
Rancher.html,Male
Raqa_Zunzo.html,Male
Rauru.html,Male
Ravio's_Journal.html,Male
Ravio.html,Male
Reagah.html,Male
Receptionist.html,Female
Red_Knight.html,Male
Red_Maiden.html,Female
Red_Shrine_Maiden.html,Female
Reddy-Steddy.html,Female
Ree_Dahee.html,Male
Reeza.html,Female
Regan.html,Male
Rem.html,Male
Renado.html,Male
Rensa.html,Male
Revali.html,Male
Rhoam.html,Male
Rhoam_Bosphoramus_Hyrule.html,Male
Rhodes.html,Male
Rhondson.html,Female
Richard.html,Male
Richard_(Link's_Awakening).html,Male
Richard_(Ocarina_of_Time).html,Male
Ricky.html,Male
Riju.html,Female
Rik.html,Male
Rima.html,Female
Rin_Oyaa.html,Male
Rinu_Honika.html,Male
Rioma.html,Male
Ripp.html,Female
Risa.html,Female
Rishu.html,Male
Ritaag_Zumo.html,Male
Rito_Chief.html,Male
Rito_Chieftain.html,Male
Rivan.html,Male
River_Man.html,Male
Roam.html,Male
Robbie.html,Male
Robeless_Salona.html,Male
Robsten.html,Male
Rogaro.html,Male
Rohan.html,Male
Rohta_Chigah.html,Male
Rok_Uwog.html,Male
Rola.html,Female
Roland.html,Male
Rolf.html,Undefined
Romah.html,Female
Romani.html,Female
Romanos's_Mother.html,Female
Romanos.html,Male
Romio.html,Undefined
Romio_and_Julietta.html,Undefined
Romu.html,Male
Rona_Kachta.html,Male
Ronny.html,Male
Roperi's_Mother.html,Female
Roperi.html,Female
Rosa.html,Female
Rosa_Sisters.html,Female
Rose.html,Female
Rosso.html,Male
Rota_Ooh.html,Male
Rotana.html,Female
Rown.html,Male
Rozel.html,Male
Rucco_Maag.html,Male
Rudi.html,Male
Ruli.html,Female
Rumor_Guy.html,Male
Runaway_Item_Seller.html,Male
Rune_(Mishouzaki).html,Male
Running_Man.html,Male
Rupin.html,Male
Rus.html,Male
Rusl's_and_Uli's_Daughter.html,Female
Rusl.html,Male
Russell.html,Male
Rusta.html,Male
Rutela.html,Female
Ruvo_Korbah.html,Male
Saas_Ko'sah.html,Male
Sabooro.html,Male
Sage_Gulley.html,Male
Sage_Impa.html,Female
Sage_Irene.html,Female
Sage_Oren.html,Female
Sage_Osfala.html,Male
Sage_Rosso.html,Male
Sage_Seres.html,Female
Sage_of_Fire.html,Male
Sage_of_Shadow.html,Female
Sagessa.html,Female
Sah_Dahaj.html,Male
Sahasrahla's_Friend.html,Male
Sahasrahla's_Grandson.html,Male
Sahasrahla's_Wife.html,Female
Sahasrahla.html,Male
Sahasralah.html,Male
Saki.html,Female
Sakon.html,Male
Sale.html,Male
Salvatore.html,Male
Sam.html,Male
Santa.html,Male
Santa_Claus.html,Male
Saria.html,Female
Sasa_Kai.html,Male
Sasan.html,Male
Satchel.html,Male
Sato_Koda.html,Male
Saula.html,Female
Savelle.html,Male
Sayge.html,Male
Scarblade.html,Male
Scarper.html,Male
Schule_Donavitch.html,Male
Scratcher.html,Undefined
Sebasto.html,Male
Secret_Moblin.html,Male
Sefaro.html,Male
Seggin.html,Male
Segāre.html,Male
Seldon.html,Male
Self-proclaimed_Hero.html,Male
Selmie.html,Female
Senna.html,Female
Sensei.html,Female
Senza.html,Male
Sera.html,Female
Seres.html,Female
Servant_to_the_Goddess_of_Spirits.html,Undefined
Sesami.html,Male
Seven_Maidens.html,Female
Sha_Gehma.html,Male
Sha_Warvo.html,Male
Shabonne.html,Female
Shad's_Father.html,Male
Shad.html,Male
Shada_Naw.html,Male
Shadow_Link.html,Male
Shady_Guy.html,Male
Shae_Katha.html,Male
Shae_Loya.html,Male
Shae_Mo'sah.html,Male
Shai_Utoh.html,Male
Shai_Yota.html,Male
Shaillu.html,Female
Shamae.html,Female
Shaman.html,Male
Sharo_Lun.html,Male
Sharp.html,Male
Sharp_the_Elder.html,Male
Shay.html,Male
Shee_Vaneer.html,Male
Shee_Venath.html,Male
Sheem_Dagoze.html,Male
Sheerow.html,Male
Sheh_Rata.html,Male
Sheik.html,Undefined
Sheikah_Monk.html,Male
Sheila.html,Female
Shibo.html,Male
Shiek.html,Undefined
Shikashi.html,Male
Shipyard_Worker.html,Male
Shira_Gomar.html,Male
Shiro.html,Male
Shiro_(Majora's_Mask).html,Male
Shiro_(Ocarina_of_Time).html,Male
Sho_Dantu.html,Male
Shoda_Sah.html,Male
Shooting_Gallery_Owner.html,Male
Shoqa_Tatone.html,Male
Shora_Hah.html,Male
Shrine_Maidens.html,Female
Shurmak.html,Female
Sidekick.html,Male
Sidon.html,Male
Sign-Loving_Subrosian.html,Male
Silva.html,Male
Simon.html,Male
Sing.html,Female
Sir_Charles.html,Male
Sir_Combsly.html,Male
Sir_Raven.html,Male
Siroc.html,Female
Skett_and_Akoot.html,Male
Skinny_Man.html,Male
Skipper.html,Undefined
Skull_Kid_(character).html,Male
Sleeping_Zelda.html,Female
Sleezenose.html,Male
Slergo.html,Male
Smaude.html,Female
Smith.html,Male
Smith_(Bodyguard).html,Male
Snowhead_Blacksmiths.html,Male
Soal.html,Male
Soh_Kofi.html,Male
Sokra.html,Male
Soldier_in_the_Back_Alley.html,Male
Sophie.html,Female
Sorelia.html,Female
Sparrot.html,Male
Spear_Boy.html,Male
Spekter.html,Undefined
Spera.html,Female
Spinch.html,Male
Spirit_of_Autumn.html,Female
Spirit_of_Courage.html,Female
Spirit_of_Power.html,Male
Spirit_of_Spring.html,Female
Spirit_of_Summer.html,Female
Spirit_of_Winter.html,Female
Spirit_of_Wisdom.html,Female
Spirit_of_the_Caves.html,Undefined
Splitblade.html,Male
Spookter.html,Undefined
Spookter_and_Spekter.html,Undefined
Spoone.html,Male
Sprinn.html,Male
Sprites.html,Female
Spryte's_Sister.html,Female
Spryte.html,Female
Stamm.html,Male
Stamp.html,Male
Steem.html,Male
Steen.html,Male
Steroido.html,Male
Stockwell.html,Male
Storm.html,Male
Strade.html,Male
Straia.html,Male
Strange_Brothers.html,Male
Stranger.html,Male
Strata.html,Male
Street_Merchant.html,Male
Strich.html,Male
Stritch.html,Male
Sturgeon.html,Male
Stylin'_Scarecrow.html,Male
Stylish_Woman.html,Female
Subrosian_Chef.html,Male
Sudrey.html,Female
Sue-Belle.html,Female
Sue_Belle.html,Female
Suma_Sahma.html,Male
Sumati.html,Female
Sun_Fish.html,Male
Suprena.html,Female
Swamp_Fishing_Hole_Owner.html,Male
Swamp_Shooting_Gallery_Guy.html,Male
Swamp_Spider_House_Resident.html,Male
Swamp_Tourist_Center_Guide.html,Male
Sweeping_Lady.html,Female
Sweetie's_Boyfriend.html,Male
Sweetie.html,Undefined
Sweetie_and_Boyfriend.html,Undefined
Swiftblade.html,Male
Swiftblade_the_First.html,Male
Swimmer.html,Undefined
Swordsman.html,Male
Symin.html,Male
Syrup.html,Female
Ta'loh_Naeg.html,Male
Taburi.html,Male
Tael.html,Male
Tah_Muhl.html,Male
Tahno_O'ah.html,Male
Takama_Shiri.html,Male
Tali.html,Female
Talo.html,Male
Talon.html,Male
Tamana.html,Female
Tanko.html,Male
Tarin.html,Male
Tasseren.html,Male
Tatl.html,Female
Tauma.html,Female
Tawa_Jinn.html,Male
Teacher.html,Male
Teake.html,Female
Teba.html,Male
Teddy_Todo.html,Male
Teebo.html,Male
Teli.html,Male
Teller_of_Treasures.html,Male
Telma.html,Female
Tena_Ko'sah.html,Male
Tera.html,Female
Tetra's_Mother.html,Female
Tetra.html,Female
Thadd.html,Male
The_Demise.html,Male
The_Great_Deku_Tree.html,Male
The_Great_Tripini.html,Undefined
The_Imprisoned.html,Male
The_King_of_Red_Lions.html,Male
The_Lady.html,Female
Thief_Girl.html,Female
Thieves'_Town_Item_Seller.html,Female
Thin_Man.html,Male
Tho_Kayu.html,Male
Thomas.html,Male
Thunder_Dragon.html,Male
Tick_Tock.html,Male
Tijo.html,Male
Tina.html,Female
Tina_&_Dina.html,Female
Tina_and_Dina.html,Female
Tingle%2FHyrule_Warriors.html,Male
Tingle's_Father.html,Male
Tingle's_Uncle.html,Male
Tingle.html,Male
Tingle_Brothers.html,Male
Tingle_Brothers_and_Sister.html,Male
Tiny_Link.html,Male
Titch.html,Male
To_Quomo.html,Male
Toffa.html,Male
Toh_Yahsa.html,Male
Tokkey.html,Male
Toma.html,Female
Tona.html,Female
Tonpei.html,Male
Toon_Link.html,Male
Toon_Zelda.html,Female
Torfeau.html,Female
Tortus.html,Male
Toto.html,Male
Toto_Sah.html,Male
Totsuna.html,Female
Tott.html,Male
Tottika.html,Female
Town_Guard.html,Male
Town_Shooting_Gallery_Guy.html,Male
Town_Tool_Shopkeeper.html,Male
Trading_Post_Guy.html,Male
Traveling_Merchant.html,Male
Traveling_Merchants.html,Male
Traveling_Warrior.html,Male
Tray.html,Male
Traysi.html,Female
Treasure_Chest_Shop_Gal.html,Female
Treasure_Hunter.html,Undefined
Treasure_Teller.html,Male
Tree_Witch.html,Female
Trello.html,Male
Trey.html,Male
Triforce_Keeper.html,Male
Trill.html,Male
Trissa.html,Female
Troy.html,Male
Tu_Ka'loh.html,Male
Tubert.html,Male
Tula.html,Female
Tulin.html,Male
Tumble.html,Male
Tumbo.html,Male
Tutsuwa_Nima.html,Male
Twili_Midna.html,Female
Twilit_Bloat.html,Undefined
Twin_Jugglers.html,Male
Twin_Lumberjacks.html,Male
Twinrova.html,Female
Twins.html,Male
Tye.html,Male
Tyto.html,Male
Uli.html,Female
Ulrira.html,Male
Uma.html,Female
Uncle_Rupee.html,Male
Underwater_Goron.html,Male
Unicorn.html,Undefined
Unlucky_Sailor.html,Male
Unnamed_Baby.html,Female
Urbosa.html,Female
Vaati's_Wrath.html,Male
Vaati.html,Male
Vaati_Reborn.html,Male
Vaati_Transfigured.html,Male
Valenzuela.html,Male
Valoo.html,Male
Varke.html,Male
Vassals.html,Male
Vasu.html,Male
Vasu_Jewelers.html,Male
Venus.html,Female
Vera.html,Female
Veran.html,Female
Verona.html,Female
Veteran_Thief.html,Male
Vicente.html,Male
Victoria.html,Female
Vilia.html,Female
Villagers.html,Male
Volcon.html,Male
Volga.html,Male
Voo_Lota.html,Male
Wabbin.html,Male
Wahgo_Katta.html,Male
Waitress.html,Female
Walrus.html,Male
Walton.html,Male
Wandering_Merchant.html,Male
Wandering_Merchants.html,Male
Watchman_Erol.html,Male
Water_Dragon.html,Female
Water_Lady.html,Female
Waveblade.html,Male
Wheaton.html,Undefined
Wheaton_&_Pita.html,Undefined
White_Horse.html,Male
White_Maiden.html,Female
Whittleton_Chief's_Wife.html,Female
Whittleton_Chief.html,Male
Willi.html,Male
Wind_Fish.html,Male
Windmill_Man.html,Male
Wise_Man.html,Male
Wise_Men.html,Male
Wise_One.html,Female
Witch's_Assistant.html,Female
Witch.html,Female
Witch_(A_Link_Between_Worlds).html,Female
Witch_of_Walls.html,Female
Wizzro.html,Male
Wolf-Link.html,Male
Wolf_Link's_Howl.html,Male
Wolf_Link.html,Male
Woman.html,Female
Wryna.html,Female
Ya_Naga.html,Male
Yah_Rin.html,Male
Yaido.html,Female
Yammo.html,Female
Yamori.html,Male
Yefu.html,Male
Yeko.html,Male
Yellow_Maiden.html,Female
Yellow_Shrine_Maiden.html,Female
Yerbal.html,Male
Yeta.html,Female
Yeto.html,Male
Yokan.html,Male
Yolero.html,Male
Young_Couple.html,Undefined
Young_Link.html,Male
Young_Woman.html,Female
Yowaka_Ita.html,Male
Yuga.html,Male
Yuga_Ganon.html,Male
Yuganon.html,Male
Yunobo.html,Male
Zalta_Wa.html,Male
Zanc.html,Male
Zant.html,Male
Zauz.html,Male
Ze_Kasho.html,Male
Zelda's_Clone.html,Female
Zelda's_Guard.html,Male
Zelda's_Mother.html,Female
Zelda's_Nursemaid.html,Female
Zephos.html,Male
Zeu.html,Male
Zill.html,Male
Zonma.html,Female
Zora_(Ishinomori).html,Male
Zora_(character).html,Male
Zora_Link.html,Male
Zorona.html,Male
Zubora.html,Male
Zubora_and_Gabora.html,Male
Zuko.html,Male
Zumi.html,Female
Zuna_Kai.html,Male
Zunari.html,Male
Zuta.html,Male
Zuzu.html,Male
Zyle.html,Male
___.html,Undefined
