entity,race
Aba.html,Hylian.html
Abe.html,Hylian.html
Abe.html,Hylian.html
Adlar.html,Human.html
Adlar.html,Human_(race).html
Adult_Link.html,Hylian.html
Aginah.html,Hylian.html
Aginah.html,Hylian.html
Agitha.html,Hylian.html
Agitha.html,Hylian.html
Agus.html,Hylian.html
Agus.html,Hylian.html
Aji.html,Goron.html
Aji.html,Goron.html
Akh_Va'quot.html,Sheikah.html
Akoot.html,Rito.html
Akrah.html,Hylian.html
Aldo.html,Korok.html
Aldo_(Korok).html,Korok.html
Aldo_(The_Crystal_Trap).html,Hylian.html
Alfonzo.html,Hylian.html
Alfonzo.html,Hylian.html
Aliza.html,Hylian.html
Amali.html,Rito.html
Amali.html,Rito.html
Ambi.html,Human.html
Ami.html,Hylian.html
Amira.html,Hylian.html
Amy.html,Ghost.html
Amy.html,Poe.html
Anche.html,Gerudo.html
Anche.html,Gerudo.html
Ancient_Hero.html,Hylian.html
Anjean.html,Lokomo.html
Anjean.html,Lokomo.html
Anju's_Grandmother.html,Hylian.html
Anju's_Grandmother.html,Hylian.html
Anju's_Mother.html,Hylian.html
Anju's_Mother.html,Hylian.html
Anju.html,Hylian.html
Anju.html,Hylian.html
Anju.html,Hylian.html
Anju.html,Hylian.html
Ankle.html,Hylian.html
Ankle.html,Hylian.html
Anly.html,Hylian.html
Anouki_Village_Goron.html,Goron.html
Anton.html,Hylian.html
Anton_(The_Minish_Cap).html,Hylian.html
Anton_(The_Wind_Waker).html,Hylian.html
Ardin.html,Gerudo.html
Ariane.html,Hylian.html
Armes.html,Hylian.html
Armorer.html,Human.html
Armorer.html,Human_(race).html
Armourer.html,Human.html
Arn.html,Hylian.html
Arn.html,Hylian.html
Aroo.html,Anouki.html
Aroo.html,Anouki.html
Aryll.html,Hylian.html
Aryll.html,Hylian.html
Ashai.html,Gerudo.html
Ashai.html,Gerudo.html
Ashe.html,Hylian.html
Ashe.html,Hylian.html
Ashei's_Father.html,Human.html
Ashei.html,Human_(race).html
Aster.html,Hylian.html
Astrid.html,Cobble.html
Astrid.html,Hylian.html
Auru.html,Hylian.html
Auru.html,Hylian.html
Aveil.html,Gerudo.html
Aveil.html,Gerudo.html
Average_Middle-Aged_Man.html,Human.html
Axyl.html,Goron.html
Axyl.html,Goron.html
Aya.html,Hylian.html
Aya.html,Hylian.html
Azu.html,Hylian.html
Babi.html,Gerudo.html
Baga_Tree.html,Deity.html
Bagu.html,Hylian.html
Baito.html,Hylian.html
Baito.html,Hylian.html
Bamboo.html,Horse.html
Banji.html,Hylian.html
Banji.html,Hylian.html
Banker.html,Hylian.html
Bard.html,Human.html
Bard.html,Hylian.html
Bareeda_Naag.html,Sheikah.html
Bargoh.html,Goron.html
Bargoh.html,Goron.html
Baris.html,Hylian.html
Barkle.html,Dog.html
Barnes.html,Human.html
Barnes.html,Human_(race).html
Baron.html,Deity.html
Barta.html,Gerudo.html
Barta.html,Gerudo.html
Basht.html,Rito.html
Basht_and_Bisht.html,Rito.html
Basht_and_Bisht.html,Rito.html
Batreaux.html,Demon.html
Batreaux.html,Demon.html
Batreaux.html,Human.html
Baumer.html,Hylian.html
Bayge.html,Goron.html
Bayge.html,Goron.html
Bazaar_Owner.html,Hylian.html
Bazz.html,Zora.html
Bean_Seller.html,Hylian.html
Bean_Seller.html,Hylian.html
Bean_Seller.html,Hylian.html
Bearded_Baron.html,Human.html
Bedoli.html,Rito.html
Beedle.html,Human.html
Beedle.html,Hylian.html
Beggar.html,Hylian.html
Belari.html,Minish.html
Belari.html,Minish.html
Bella.html,Human_(race).html
Benja.html,Gerudo.html
Benja.html,Hylian.html
Benny.html,Hylian.html
Benny.html,Hylian.html
Berry.html,Hylian.html
Bertie.html,Hylian.html
Bertie.html,Hylian.html
Bertri.html,Gerudo.html
Beth.html,Human.html
Beth_(Ocarina_of_Time%2FMajora's_Mask).html,Ghost.html
Beth_(Ocarina_of_Time%2FMajora's_Mask).html,Poe.html
Beth_(Twilight_Princess).html,Human_(race).html
Big_Bro.html,Human_(race).html
Biggoron.html,Goron.html
Biggoron.html,Goron.html
Bindle.html,Hylian.html
Bipin's_and_Blossom's_Son.html,Human_(race).html
Bipin.html,Human.html
Bipin.html,Human_(race).html
Bipsom.html,Human.html
Bird-Masked_Man.html,Hylian.html
Bird_Lover.html,Hylian.html
Bird_Lover.html,Hylian.html
Bisht.html,Rito.html
Bisht_and_Basht.html,Rito.html
Blacksmith's_Wife.html,Hylian.html
Blacksmith's_Wife.html,Hylian.html
Blacksmith.html,Hylian.html
Blacksmith_(A_Link_Between_Worlds).html,Hylian.html
Blade_Brothers.html,Hylian.html
Bladon.html,Goron.html
Bladon.html,Goron.html
Blossom.html,Human.html
Blossom.html,Human_(race).html
Bludo.html,Goron.html
Bludo.html,Goron.html
Blue_Fairy.html,Fairy.html
Blue_Knight.html,Hylian.html
Blue_Maiden.html,Hylian.html
Blynne.html,Hylian.html
Bo.html,Human.html
Bob.html,Phantom.html
Bohrin.html,Goron.html
Bohrin.html,Goron.html
Boldon.html,Goron.html
Boldon.html,Goron.html
Bolson.html,Hylian.html
Bolson.html,Hylian.html
Bomb-Master_Cannon.html,Human.html
Bomb_Shop_Owner.html,Hylian.html
Bombers.html,Hylian.html
Bombers_Secret_Society_of_Justice.html,Hylian.html
Bonooru.html,Scarecrow.html
Bonooru.html,Scarecrow.html
Boomerang_Dealer.html,Goriya.html
Borlov.html,Hylian.html
Borlov.html,Hylian.html
Borville.html,Hylian.html
Bosh_Kala.html,Sheikah.html
Boss_Blin.html,Blin.html
Boss_Blin.html,Stone_Blin.html
Botrick.html,Hylian.html
Bouldering_Guy.html,Hylian.html
Boy.html,Human.html
Boy.html,Hylian.html
Boy_in_the_Graveyard.html,Hylian.html
Bozai.html,Hylian.html
Bozai.html,Hylian.html
Brac.html,Hylian.html
Branli.html,Hylian.html
Brant.html,Cobble.html
Brant.html,Ghost.html
Brant.html,Hylian.html
Breen.html,Hylian.html
Breen.html,Hylian.html
Bremeur.html,Cobble.html
Bremeur.html,Ghost.html
Bremeur.html,Hylian.html
Bremor.html,Human.html
Bremor.html,Hylian.html
Brent.html,Hylian.html
Breve.html,Hylian.html
Bridge_Worker.html,Hylian.html
Brigo.html,Hylian.html
Brigo.html,Hylian.html
Brocco.html,Hylian.html
Brocco.html,Hylian.html
Brokka.html,Hylian.html
Bronzi.html,Mogma.html
Bronzi.html,Mogma.html
Bucha.html,Kikwi.html
Bucha.html,Kikwi.html
Bug-Catching_Kid.html,Hylian.html
Bug-Catching_Kid.html,Hylian.html
Bug_Catching_Kid.html,Hylian.html
Bugut.html,Hylian.html
Buliara.html,Gerudo.html
Buliara.html,Gerudo.html
Bully's_Friend.html,Hylian.html
Bully.html,Hylian.html
Bulu.html,Anouki.html
Bulu.html,Anouki.html
Bunny_Link.html,Rabbit.html
Buri.html,Human.html
Business_Scrub_Association.html,Deku_Scrub.html
Byrne.html,Lokomo.html
Cado.html,Sheikah.html
Calip.html,Hylian.html
Calisa.html,Gerudo.html
Calisa.html,Gerudo.html
Calyban.html,Gerudo.html
Calyban.html,Gerudo.html
Cambo.html,Hylian.html
Candy_(The_Minish_Cap).html,Hylian.html
Candy_(The_Wind_Waker).html,Hylian.html
Canni.html,Hylian.html
Canni.html,Hylian.html
Cannon_(character).html,Hylian.html
Cano.html,Dog.html
Canolo.html,Hylian.html
Cap'n.html,Skeleton.html
Caprice.html,Wind_Tribe.html
Captain.html,Hylian.html
Captain_(A_Link_Between_Worlds).html,Human.html
Captain_Keeta.html,Stalchild.html
Captain_Krin.html,Hylian.html
Captain_Krin.html,Hylian.html
Captain_Teake.html,Gerudo.html
Captain_Viscen.html,Hylian.html
Captain_Viscen.html,Hylian.html
Cara.html,Gerudo.html
Carben.html,Lokomo.html
Carben.html,Lokomo.html
Carlov.html,Hylian.html
Carlov.html,Hylian.html
Carpenters'_Boss.html,Hylian.html
Carpet_Merchant.html,Human.html
Carpet_Merchant.html,Hylian.html
Cassiopia.html,Hylian.html
Castle_Servant.html,Hylian.html
Catfish.html,Fish.html
Cawlin.html,Hylian.html
Cawlin.html,Hylian.html
Cecili.html,Rito.html
Cecili.html,Rito.html
Cecilia.html,Rito.html
Celessa.html,Hylian.html
Celessa.html,Hylian.html
Ceremonial_Troop.html,Moblin.html
Chaas_Qeta.html,Sheikah.html
Chabi.html,Hylian.html
Chai.html,Hylian.html
Champion.html,Gerudo.html
Champion.html,Goron.html
Champion.html,Hylian.html
Champion.html,Rito.html
Champion.html,Zora.html
Champions.html,Gerudo.html
Champions.html,Goron.html
Champions.html,Hylian.html
Champions.html,Rito.html
Champions.html,Zora.html
Chancellor_Cole.html,Demon.html
Charles.html,Hylian.html
Charles_of_Moria.html,Hylian.html
Charlo.html,Hylian.html
Charlo.html,Hylian.html
Chef_(Freshly-Picked_Tingle's_Rosy_Rupeeland).html,Human.html
Chef_(Oracle_of_Ages).html,Tokay.html
Chef_Bear.html,Bear_(race).html
Cherry.html,Guidance_Stone.html
Chessica.html,Hylian.html
Cheval.html,Human.html
Cheval.html,Human_(race).html
Chiko's_Grandmother.html,Ghost.html
Chiko's_Grandmother.html,Human_(race).html
Chiko's_Mum.html,Human_(race).html
Chiko.html,Human_(race).html
Child_Link.html,Hylian.html
Chio.html,Korok.html
Chio.html,Korok.html
Chiruta.html,Minish.html
Chorak.html,Hylian.html
Chork.html,Hylian.html
Chork.html,Hylian.html
Chris_Houlihan.html,Human_(race).html
Christine.html,Goat.html
Chudley.html,Hylian.html
Chudley.html,Hylian.html
Chumin.html,Hylian.html
Chumin.html,Hylian.html
Cia.html,Deity.html
Cia.html,Human.html
Ciela.html,Fairy.html
Ciela.html,Fairy.html
Cima.html,Hylian.html
Claree.html,Sheikah.html
Claree.html,Sheikah.html
Clavia.html,Hylian.html
Cleaning_Man.html,Hylian.html
Cleff.html,Zora.html
Clock_Poe.html,Ghost.html
Clock_Poe.html,Poe.html
Clock_Soldiers.html,Hylian.html
Cloyne.html,Hylian.html
Cobal.html,Mogma.html
Cobal.html,Mogma.html
Cobble_Knights.html,Cobble.html
Cole.html,Demon.html
Colin.html,Human.html
Colin.html,Human_(race).html
Comedian.html,Human.html
Comedian.html,Human_(race).html
Conly.html,Hylian.html
Controller_Troop.html,Stalmaster.html
Coro.html,Human.html
Coro.html,Human_(race).html
Cotera.html,Fairy.html
Cotera.html,Great_Fairy.html
Cottla.html,Sheikah.html
Craftsman.html,Hylian.html
Craftsman.html,Hylian.html
Crazy_Tracy's_Health_Spa.html,Human.html
Crazy_Tracy.html,Human.html
Crazy_Tracy.html,Human_(race).html
Crazy_Yook.html,Yook.html
Cree.html,Rito.html
Cremia.html,Hylian.html
Cremia.html,Hylian.html
Crenel_Hermit.html,Hylian.html
Crenel_Hermit.html,Hylian.html
Crimson_Loftwing.html,Loftwing.html
Croo.html,Hylian.html
Croo.html,Hylian.html
Cucco_Chick.html,Cucco.html
Cucco_Girl.html,Human.html
Cucco_Girl.html,Hylian.html
Cucco_Keeper.html,Human.html
Cucco_Lady.html,Hylian.html
Cucco_Leader.html,Cucco.html
Cucco_Salesman.html,Hylian.html
Curiosity_Shop_Guy.html,Hylian.html
Curiosity_Shop_Owner.html,Hylian.html
Cursed_Fairy.html,Great_Fairy.html
Cursed_Man.html,Hylian.html
Cursed_Man.html,Skulltula.html
Cursed_Swordsman.html,Ghost.html
Cursor_Fairy.html,Fairy.html
Customer.html,Hylian.html
Cyclos.html,Deity.html
Cyclos.html,Deity.html
Cyclos.html,Frog.html
Cylos.html,Golden_Frog.html
Daag_Chokah.html,Sheikah.html
Dabi.html,Hylian.html
Dagah_Keek.html,Sheikah.html
Dah_Hesho.html,Sheikah.html
Dah_Kaso.html,Sheikah.html
Dai.html,Hylian.html
Dai.html,Hylian.html
Daka_Tuss.html,Sheikah.html
Dako_Tah.html,Sheikah.html
Dalia.html,Gerudo.html
Dalia.html,Gerudo.html
Daltus.html,Hylian.html
Damia.html,Korok.html
Damia.html,Korok.html
Dampa.html,Hylian.html
Dampe.html,Hylian.html
Dampe_.html,Hylian.html
DampÇ.html,Hylian.html
DampÇ.html,Hylian.html
DampÇ.html,Hylian.html
DampÇ.html,Hylian.html
DampÇ.html,Hylian.html
DampÇ_.html,Hylian.html
Danda.html,Gerudo.html
Danton.html,Hylian.html
Danton.html,Hylian.html
Dantz.html,Hylian.html
Daphnes.html,Hylian.html
Daphnes_Nohansen_Hyrule.html,Hylian.html
Daphnes_Nohansen_Hyrule.html,Hylian.html
Daqa_Koh.html,Sheikah.html
Daqo_Chisay.html,Sheikah.html
Darbus.html,Goron.html
Darbus.html,Goron.html
Dark_Beast.html,Demon.html
Dark_Beast.html,Gerudo.html
Dark_Cia.html,Deity.html
Dark_Impa.html,Sheikah.html
Dark_Lana.html,Deity.html
Dark_Lana.html,Human.html
Dark_Link_(Hyrule_Warriors).html,Hylian.html
Dark_Ore_Salesman.html,Goron.html
Dark_Twili_Midna.html,Twili.html
Dark_Twili_Midna.html,Twili.html
Dark_Twili_Midna.html,Twilight.html
Dark_Zant.html,Twili.html
Dark_Zant.html,Twilight.html
Darknut_Prime.html,Darknut.html
Darknut_Prime.html,Darknut.html
Darmani.html,Ghost.html
Darmani.html,Goron.html
Darmani.html,Goron.html
Darmani_III.html,Goron.html
Darmani_the_Third.html,Ghost.html
Darmani_the_Third.html,Goron.html
Darpa.html,Hylian.html
Darton.html,Hylian.html
Daruk.html,Goron.html
Daruk.html,Goron.html
Darunia.html,Goron.html
Darunia.html,Goron.html
Dating_Woman.html,Hylian.html
Dauntless.html,Hylian.html
Dave.html,Human_(race).html
David_Jr.html,Hylian.html
David_Jr.html,Hylian.html
Dayto.html,Hylian.html
Dayto.html,Hylian.html
Daz.html,Korok.html
Daz.html,Korok.html
Dazzle_Lyphos.html,Hylian.html
Death_Mountain_Trail_Guard.html,Hylian.html
Decci.html,Deku.html
Decci.html,Deku_Scrub.html
Dekadin.html,Human.html
Dekadin.html,Human_(race).html
Dekki.html,Deku.html
Dekki.html,Deku_Scrub.html
Deku's_Heir.html,Deku_Tree.html
Deku_Butler's_Son.html,Deku.html
Deku_Butler's_Son.html,Deku_Scrub.html
Deku_Butler.html,Deku.html
Deku_Butler.html,Deku_Scrub.html
Deku_King.html,Deku.html
Deku_King.html,Deku_Scrub.html
Deku_Link.html,Deku_Scrub.html
Deku_Link.html,Deku_Scrub.html
Deku_Princess.html,Deku.html
Deku_Princess.html,Deku_Scrub.html
Deku_Royal_Family.html,Deku_Scrub.html
Deku_Royalty.html,Deku_Scrub.html
Deku_Scrub.html,Deku.html
Deku_Scrubs.html,Deku.html
Deku_Tree.html,Deity.html
Deku_Tree_Sprout.html,Deity.html
Deku_Tree_Sprout.html,Deku_Tree.html
Deltan.html,Gerudo.html
Deltan.html,Gerudo.html
Demise's_Sword.html,Demon.html
Demise.html,Demon.html
Dento.html,Zora.html
Deppi.html,Deku.html
Deppi.html,Deku_Scrub.html
Derby_Boy.html,Hylian.html
Derby_Girl.html,Hylian.html
Devil.html,Deity.html
Devil.html,Demon.html
Devilish_Girl.html,Demon.html
Devilish_Girl.html,Demon.html
Dila_Maag.html,Sheikah.html
Dillie.html,Hylian.html
Dimitri.html,Dodongo.html
Din_(Oracle).html,Oracle.html
Din_(goddess).html,Deity.html
Din_(oracle).html,Hylian.html
Dina.html,Gerudo.html
Dinolfos_Chieftain.html,Dinolfos.html
Dinolfos_Chieftain.html,Dragon.html
Dmitri.html,Hylian.html
Dmitri.html,Hylian.html
Dobo.html,Anouki.html
Dobo.html,Anouki.html
Doc_Bandam.html,Hylian.html
Doc_Bandam.html,Hylian.html
Doctor_Borville.html,Hylian.html
Dodoh.html,Hylian.html
Dodoh.html,Hylian.html
Domidak.html,Hylian.html
Don_Gero.html,Frog.html
Don_Gero.html,Frog.html
Doof.html,Hylian.html
Doof.html,Hylian.html
Doppel_Master.html,Human.html
Dorian.html,Sheikah.html
Dorill.html,Goron.html
Dorill.html,Goron.html
Dorrah.html,Gerudo.html
Dottie.html,Hylian.html
Douma.html,Hylian.html
Dovos.html,Hylian.html
Dovos.html,Hylian.html
Dow_Na'eh.html,Sheikah.html
Doylan.html,Cobble.html
Doylan.html,Ghost.html
Doylan.html,Hylian.html
Doyle.html,Hylian.html
Dr-2.html,Human.html
Dr-2.html,Human_(race).html
Dr-3.html,Human_(race).html
Dr-3.html,Hylian.html
Dr.html,Human.html
Dr.html,Hylian.html
Dr.html,Hylian.html
Drak.html,Goron.html
Drak.html,Goron.html
Drona.html,Korok.html
Drona_(Korok).html,Korok.html
Dugby.html,Goron.html
Dugby.html,Goron.html
Duke.html,Human_(race).html
Duke_Onkled.html,Hylian.html
Duko.html,Human_(race).html
Dunba_Taag.html,Sheikah.html
Dunma.html,Zora.html
Dunma.html,Zora.html
Dwarven_Swordsmiths.html,Hylian.html
Eagle_(Tingle's_Balloon_Trip_of_Love).html,Human.html
Eagus.html,Hylian.html
Eagus.html,Hylian.html
Eddo.html,Human.html
Eddo.html,Human_(race).html
Eenie_&_Meenie.html,Hylian.html
Elderly_Zora.html,Zora.html
Eldin_(Skyward_Sword).html,Deity.html
Eldin_(Skyward_Sword).html,Dragon.html
Eldin_(Spirit).html,Spirits_of_Light.html
Eldin_(Twilight_Princess).html,Deity.html
Elma.html,Korok.html
Elma.html,Korok.html
Elrora.html,Watarara.html
Elsie.html,Cow.html
Ember.html,Hylian.html
Embrose.html,Lokomo.html
Embrose.html,Lokomo.html
Emma.html,Hylian.html
Emri.html,Gerudo.html
Ena.html,Hylian.html
Endai.html,Hylian.html
Engineer.html,Stalfos.html
Epheremelda.html,Fairy.html
Epona.html,Horse.html
Erik.html,Hylian.html
Erla.html,Kikwi.html
Erla.html,Kikwi.html
Erol.html,Hylian.html
Erol.html,Hylian.html
Error.html,Hylian.html
Eryck.html,Hylian.html
Eryck.html,Hylian.html
Essa.html,Gerudo.html
Estan.html,Gerudo.html
Estragon.html,Hylian.html
Etsu_Korima.html,Sheikah.html
Evan.html,Zora.html
Evan.html,Zora.html
Explorer.html,Human_(race).html
Ezlo.html,Minish.html
Fabulous_Five_Froggish_Tenors.html,Frog.html
Fabulous_Five_Froggish_Tenors.html,Frog.html
Fado_(Ocarina_of_Time).html,Kokiri.html
Fado_(Ocarina_of_Time).html,Kokiri.html
Fado_(The_Wind_Waker).html,Kokiri.html
Fado_(The_Wind_Waker).html,Kokiri.html
Fado_(Twilight_Princess).html,Human.html
Fado_(Twilight_Princess).html,Human_(race).html
Fairy_King.html,Fairy.html
Fairy_Lover.html,Human_(race).html
Fairy_Queen.html,Fairy.html
Fairy_Queen.html,Fairy.html
Fairy_of_Winds.html,Fairy.html
Fairy_of_Winds.html,Fairy.html
Falbi.html,Hylian.html
Falbi.html,Hylian.html
Falmark.html,Hylian.html
Faron_(Skyward_Sword).html,Deity.html
Faron_(Skyward_Sword).html,Dragon.html
Faron_(Spirit).html,Spirits_of_Light.html
Faron_(Twilight_Princess).html,Deity.html
Farore_(Oracle).html,Oracle.html
Farore_(goddess).html,Deity.html
Farore_(oracle).html,Hylian.html
Fat_Faerie.html,Great_Fairy.html
Fat_Fairy.html,Great_Fairy.html
Faux_Hero.html,Human.html
Faux_Hero.html,Human.html
Fegran.html,Gerudo.html
Felicia.html,Fairy.html
Felicia.html,Fairy.html
Female_Monkey.html,Monkey.html
Ferrus.html,Hylian.html
Ferrus.html,Hylian.html
Festari.html,Minish.html
Festari.html,Minish.html
Fi.html,Ghost.html
Fi.html,Sword.html
Fi.html,Sword_Spirit.html
Fierce_Deity.html,Deity.html
Fierce_Deity.html,Deity.html
Fierce_Deity.html,Hylian.html
Fierce_Deity_Link.html,Deity.html
Fierce_Deity_Link.html,Hylian.html
Fierce_Diety_Link.html,Deity.html
Fierce_Diety_Link.html,Hylian.html
Fifi.html,Dog.html
Fin.html,Hylian.html
Finley.html,Zora.html
Finley.html,Zora.html
First_Mate.html,Stalfos.html
Fish_Saleswoman.html,Hylian.html
Fish_Saleswoman.html,Hylian.html
Fisherman.html,Human.html
Fisherman.html,Hylian.html
Fisherman_(Link's_Awakening).html,Human_(race).html
Fisherman_(Majora's_Mask).html,Hylian.html
Fishing_Hole_Man.html,Hylian.html
Fishing_Hole_Men.html,Hylian.html
Fishing_Pond_Man.html,Hylian.html
Fishman.html,Fish.html
Fishmen.html,Fish.html
Five_Fabulous_Frogs.html,Frog.html
Flash.html,Dog.html
Flat.html,Ghost.html
Flat.html,Poe.html
Flavi.html,Gerudo.html
Flaxel.html,Hylian.html
Fledge.html,Hylian.html
Fledge.html,Hylian.html
Floodgate_Keeper.html,Human.html
Floodgate_Keeper.html,Human_(race).html
Floor_Supervisor.html,Ancient_Robot.html
Flurris.html,Wind_Tribe.html
Flute_Boy's_Father.html,Hylian.html
Flute_Boy's_Father.html,Hylian.html
Flute_Boy.html,Human.html
Flute_Boy.html,Hylian.html
Flute_Boy.html,Hylian.html
Flying_Carpet.html,Human.html
Flying_Rooster.html,Cucco.html
Fofo.html,Anouki.html
Foolish_Monkey.html,Monkey.html
Foreman_(Freshly-Picked_Tingle's_Rosy_Rupeeland).html,Human_(race).html
Foreman_(Oracle_of_Ages).html,Human_(race).html
Forest_Sage.html,Kokiri.html
Fortune's_Choice_Guy.html,Hylian.html
Fortune_Goddess.html,Fairy.html
Fortune_Link.html,Human.html
Four_Giants.html,Deity.html
Freedle.html,Human.html
Freedle.html,Hylian.html
Frelly.html,Gerudo.html
Frita.html,Rito.html
Frita.html,Rito.html
Frog_Choir.html,Frog.html
Fronk.html,Zora.html
Fronk.html,Zora.html
Fugo.html,Goron.html
Fugo.html,Goron.html
Furosa.html,Gerudo.html
Furosa.html,Gerudo.html
Fuzo.html,Human.html
Fuzo.html,Human_(race).html
Fyer.html,Hylian.html
Fyer.html,Hylian.html
Fyson.html,Rito.html
Fyson.html,Rito.html
Gaddison.html,Zora.html
Gaepora.html,Hylian.html
Gaepora.html,Hylian.html
Gage.html,Lokomo.html
Gage.html,Lokomo.html
Gaile.html,Hylian.html
Gale.html,Wind_Tribe.html
Galli.html,Hylian.html
Gampy.html,Hylian.html
Gampy.html,Hylian.html
Ganon.html,Demon.html
Ganon.html,Gerudo.html
Ganon_(Hyrule_Warriors).html,Demon.html
Ganon_(Hyrule_Warriors).html,Gerudo.html
Ganondorf's_Steed.html,Horse.html
Ganondorf.html,Gerudo.html
Ganty.html,Hylian.html
Garadon.html,Hylian.html
Garill.html,Hylian.html
Garill.html,Hylian.html
Garini.html,Hylian.html
Garini.html,Hylian.html
Garrickson.html,Human_(race).html
Garshon.html,Hylian.html
Gartan.html,Hylian.html
Gartan.html,Hylian.html
Gee_Ha'rah.html,Sheikah.html
Geggle.html,Hylian.html
Gengle.html,Cat.html
Genli.html,Rito.html
Gentari.html,Minish.html
Gentari.html,Minish.html
Gepper.html,Hylian.html
Gerudo_Master_of_Horseback_Archery.html,Gerudo.html
Gesane.html,Rito.html
Ghanti.html,Hylian.html
Ghirahim.html,Demon.html
Ghost_(Link's_Awakening).html,Spirit.html
Ghost_Ringleader.html,Ghost.html
Ghost_Summoner.html,Ghost.html
Ghost_Summoner.html,Hylian.html
Ghost_Zelda.html,Ghost.html
Ghost_Zelda.html,Hylian.html
Giant_Link.html,Hylian.html
Giant_Turtle.html,Deity.html
Gillian.html,Hylian.html
Gillian.html,Hylian.html
Gina.html,Ghini.html
Gina.html,Ghini.html
Gina.html,Ghost.html
Girl.html,Human.html
Girl.html,Hylian.html
Giro.html,Hylian.html
Gixx.html,Dog.html
Gleema.html,Hylian.html
Glendo.html,Hylian.html
Gnash.html,Dog.html
Goddess_Hylia.html,Deity.html
Goddess_Hylia.html,Hylian.html
Goddess_of_Spirits.html,Deity.html
Goddess_of_Time.html,Deity.html
Goddess_of_the_Sand.html,Deity.html
Golden_Chief_Cylos.html,Deity.html
Golden_Chief_Cylos.html,Frog.html
Golden_Chief_Cylos.html,Golden_Frog.html
Golden_Cucco.html,Cucco.html
Golden_Frogs.html,Frog.html
Golden_Wolf.html,Stalfos.html
Golo.html,Goron.html
Golo.html,Goron.html
Goma_Asaagh.html,Sheikah.html
Gondo's_Grandfather.html,Hylian.html
Gondo.html,Hylian.html
Gondo.html,Hylian.html
Gongoron.html,Goron.html
Gongoron.html,Goron.html
Gonguron.html,Goron.html
Gonguron.html,Goron.html
Gonzo.html,Hylian.html
Gonzo.html,Hylian.html
Gor_Amoto.html,Goron.html
Gor_Amoto.html,Goron.html
Gor_Coron.html,Goron.html
Gor_Coron.html,Goron.html
Gor_Ebizo.html,Goron.html
Gor_Ebizo.html,Goron.html
Gor_Liggs'_Son.html,Goron.html
Gor_Liggs.html,Goron.html
Gor_Liggs.html,Goron.html
Gorae_Torr.html,Sheikah.html
Gorko.html,Goron.html
Gorko.html,Goron.html
Gorman.html,Hylian.html
Gorman.html,Hylian.html
Gorman.html,Hylian.html
Gorman_Brothers.html,Hylian.html
Gorman_Brothers.html,Hylian.html
Goron_Blood_Brothers.html,Goron.html
Goron_Captain.html,Goron.html
Goron_Elder's_Grandson.html,Goron.html
Goron_Elder's_Son.html,Goron.html
Goron_Elder's_Son.html,Goron.html
Goron_Elder.html,Goron.html
Goron_Elder.html,Goron.html
Goron_Elder_(Majora's_Mask).html,Goron.html
Goron_Elder_(Oracle_of_Ages).html,Goron.html
Goron_Elder_(Spirit_Tracks).html,Goron.html
Goron_Link.html,Goron.html
Goron_Link.html,Goron.html
Goron_Merchant.html,Goron.html
Goron_Merchant.html,Goron.html
Goron_Patriarch.html,Goron.html
Goron_Punch.html,Goron.html
Goron_Shop_Owner.html,Goron.html
Goron_Summoner.html,Goron.html
Goron_Target_Range_Operator.html,Goron.html
Goronbeck.html,Goron.html
Gortram.html,Goron.html
Gortram.html,Goron.html
Goselle.html,Hylian.html
Goselle.html,Hylian.html
Gossack.html,Hylian.html
Gossip_Woman.html,Human.html
Gotter.html,Hylian.html
Graceful_Goron.html,Goron.html
Graceful_Gorons.html,Goron.html
Gramps.html,Hylian.html
Grand_Fairy.html,Fairy.html
Grand_Fairy.html,Fairy.html
Grandma.html,Hylian.html
Grandma_Ulrira.html,Human.html
Grandma_Ulrira.html,Human_(race).html
Grandmother.html,Hylian.html
Grandpa_Ulrira.html,Human.html
Grandpa_Ulrira.html,Human_(race).html
Granny.html,Hylian.html
Granny.html,Hylian.html
Grante.html,Sheikah.html
GrantÇ.html,Sheikah.html
Grapp.html,Goron.html
Grapp.html,Hylian.html
Grateful_Man.html,Hylian.html
Graveyard_Boy.html,Hylian.html
Grayblade.html,Hylian.html
Grayblade.html,Hylian.html
Great_Butterfly_Fairy.html,Fairy.html
Great_Butterfly_Fairy.html,Fairy.html
Great_Deku_Tree.html,Deity.html
Great_Dragonfly_Fairy.html,Fairy.html
Great_Dragonfly_Fairy.html,Fairy.html
Great_Fairies.html,Fairy.html
Great_Fairies.html,Fairy.html
Great_Fairy.html,Fairy.html
Great_Fairy.html,Fairy.html
Great_Fairy_of_Courage.html,Fairy.html
Great_Fairy_of_Courage.html,Fairy.html
Great_Fairy_of_Fire.html,Fairy.html
Great_Fairy_of_Flame.html,Fairy.html
Great_Fairy_of_Flame.html,Great_Fairy.html
Great_Fairy_of_Forest.html,Fairy.html
Great_Fairy_of_Forest.html,Great_Fairy.html
Great_Fairy_of_Ice.html,Fairy.html
Great_Fairy_of_Ice.html,Great_Fairy.html
Great_Fairy_of_Kindness.html,Fairy.html
Great_Fairy_of_Kindness.html,Fairy.html
Great_Fairy_of_Magic.html,Fairy.html
Great_Fairy_of_Magic.html,Fairy.html
Great_Fairy_of_Power.html,Fairy.html
Great_Fairy_of_Power.html,Fairy.html
Great_Fairy_of_Wisdom.html,Fairy.html
Great_Fairy_of_Wisdom.html,Fairy.html
Great_King_of_Hyrule_(The_Adventure_of_Link).html,Hylian.html
Great_Mayfly_Fairy.html,Fairy.html
Great_Mayfly_Fairy.html,Fairy.html
Great_Moblin.html,Moblin.html
Great_Rupee_Fairy.html,Fairy.html
Great_Rupee_Fairy.html,Fairy.html
Greatblade.html,Hylian.html
Greatblade.html,Hylian.html
Greba.html,Hylian.html
Greba.html,Hylian.html
Green_Knight.html,Hylian.html
Green_Knight.html,Hylian.html
Green_Maiden.html,Hylian.html
Gregal's_Ghost.html,Wind_Tribe.html
Gregal.html,Wind_Tribe.html
Gregal.html,Wind_Tribe.html
Greta.html,Gerudo.html
Greta.html,Gerudo.html
Greyson.html,Goron.html
Greyson.html,Goron.html
Grimblade.html,Hylian.html
Grimblade.html,Hylian.html
Grog.html,Hylian.html
Grog.html,Hylian.html
Grog.html,Hylian.html
Groose.html,Hylian.html
Groose.html,Hylian.html
Growler.html,Dog.html
Gruve.html,Zora.html
Gruve.html,Zora.html
Guard_Captain_Russell.html,Hylian.html
Guardian_of_Time.html,Deity.html
Guardian_of_Time.html,Human.html
Guide.html,Hylian.html
Guld.html,Mogma.html
Guld.html,Mogma.html
Gulley.html,Hylian.html
Gulley.html,Hylian.html
Gully.html,Hylian.html
Gully.html,Hylian.html
Gummy.html,Hylian.html
Gumo.html,Anouki.html
Gumo.html,Anouki.html
Guru-Guru.html,Human.html
Guru-Guru.html,Human_(race).html
Guru-Guru.html,Hylian.html
Guru-Guru.html,Hylian.html
Guru-Guru.html,Hylian.html
Guru_Guru.html,Human.html
Guru_Guru.html,Hylian.html
Gustaf.html,Hylian.html
Guufo.html,Watarara.html
Guufo.html,Watarara.html
Guy.html,Rito.html
Guy.html,Rito.html
Gwonam.html,Hylian.html
Ha_Dahamar.html,Sheikah.html
Hagen.html,Hylian.html
Hagie.html,Hylian.html
Hailey.html,Wind_Tribe.html
Hanch.html,Human.html
Hanch.html,Human_(race).html
Hannah.html,Hylian.html
Happy_Mask_Salesman.html,Human.html
Happy_Mask_Salesman.html,Human_(race).html
Happy_Mask_Salesman.html,Hylian.html
Happy_Mask_Salesman.html,Hylian.html
Happy_Mask_Shop_Owner.html,Human.html
Happy_Mask_Shop_Owner.html,Hylian.html
Harkannian.html,Hylian.html
Harkinian.html,Hylian.html
Harlow.html,Hylian.html
Harlow.html,Hylian.html
Harrison.html,Hylian.html
Harth.html,Rito.html
Harth.html,Rito.html
Hawa_Koth.html,Sheikah.html
Heavenly_Messenger.html,Hylian.html
Heehi.html,Goron.html
Heehl.html,Goron.html
Heehl.html,Goron.html
Helmaroc_King.html,Kargaroc.html
Hena.html,Human.html
Hena.html,Human_(race).html
Henya.html,Hylian.html
Henya.html,Hylian.html
Herb.html,Human.html
Herb.html,Hylian.html
Hero's_Shade-2.html,Stalfos.html
Hero's_Shade.html,Hylian.html
Hero's_Shade.html,Stalfos.html
Hero's_Spirit.html,Hylian.html
Hero.html,Hylian.html
Hero_of_Light.html,Human.html
Hero_of_Light.html,Human.html
Hero_of_Men.html,Hylian.html
Hero_of_Men.html,Hylian.html
Hero_of_Time.html,Hylian.html
Hero_of_Winds.html,Hylian.html
Hero_of_Winds.html,Hylian.html
Hero_of_the_Gorons.html,Goron.html
Hestu.html,Korok.html
Hestu.html,Korok.html
Hia_Miu.html,Sheikah.html
Hide_'N'_Seek_Fairies.html,Fairy.html
Hila_Rao.html,Sheikah.html
Hilda.html,Hylian.html
Hino.html,Hylian.html
Hinox_(Character).html,Hinox.html
Hintobo.html,Anouki.html
Hoiger_Howgendoogen.html,Hylian.html
Hollo.html,Korok.html
Hollo.html,Korok.html
Holly.html,Human.html
Holly.html,Human_(race).html
Honcho.html,Anouki.html
Honcho.html,Anouki.html
Honey_&_Darling.html,Hylian.html
Honey_&_Darling.html,Hylian.html
Honey_and_Darling.html,Hylian.html
Hooded_Shopkeeper.html,Human.html
Horned_Statue.html,Demon.html
Horwell.html,Hylian.html
Horwell.html,Hylian.html
Hoskit's_Girlfriend.html,Rito.html
Hoskit.html,Rito.html
Hoskit.html,Rito.html
Hot_Rodder_Goron.html,Goron.html
Hot_Rodder_Goron.html,Goron.html
Housekeeper.html,Hylian.html
Housekeeper.html,Hylian.html
Hoz.html,Hylian.html
Hoz.html,Hylian.html
Huck.html,Rito.html
Huck.html,Rito.html
Hudson.html,Hylian.html
Hudson.html,Hylian.html
Human_Lighthouse.html,Human_(race).html
Hungry_Goriya.html,Goriya.html
Hungry_Goron.html,Goron.html
Hunnie.html,Hylian.html
Hurdy-Gurdy_Man.html,Hylian.html
Hylia's_Chosen_Hero.html,Hylian.html
Hylia's_Chosen_Hero.html,Hylian.html
Hylia.html,Deity.html
Hylia.html,Deity.html
Hylia.html,Hylian.html
Hylia_(Goddess).html,Deity.html
Hylia_(Goddess).html,Hylian.html
Hylian_Knight.html,Hylian.html
Hylian_Royal_Family.html,Hylian.html
Hyrule_Royal_Family.html,Hylian.html
Hyrulean_Captain.html,Human.html
Hyrulean_Captain.html,Hylian.html
Hyrulean_Royal_Family.html,Hylian.html
Ichiro.html,Hylian.html
Ilari.html,Rito.html
Ilari.html,Rito.html
Ilia.html,Human.html
Ilia.html,Human_(race).html
Impa.html,Hylian.html
Impa.html,Hylian.html
Impa.html,Sheikah.html
Impa.html,Sheikah.html
Impa.html,Sheikah.html
Impa.html,Sheikah.html
Impa.html,Sheikah.html
Impa.html,Sheikah.html
Impa.html,Sheikah.html
Impaz.html,Sheikah.html
Imprisoned_Monkey.html,Monkey.html
Indigo-Go's.html,Zora.html
Informant_Woman.html,Human.html
Inga.html,Human.html
Ingo.html,Human_(race).html
Ingo.html,Hylian.html
Ingo.html,Hylian.html
Innkeeper.html,Hylian.html
Irch.html,Korok.html
Irch.html,Korok.html
Irene.html,Hylian.html
Iris.html,Human.html
Iron_Salesman.html,Goron.html
Isha.html,Gerudo.html
Isha.html,Gerudo.html
Ishto_Soh.html,Sheikah.html
Island_Chief.html,Anouki.html
Island_Chief.html,Anouki.html
Item_Seller.html,Human.html
Item_Seller.html,Hylian.html
Item_Seller_(Hyrule).html,Hylian.html
Item_Seller_(Lorule).html,Hylian.html
Ivan.html,Hylian.html
Ivee.html,Hylian.html
Ivena.html,Hylian.html
Iza's_Assistant.html,Zora.html
Iza.html,Human.html
Iza.html,Human_(race).html
Izra.html,Hylian.html
Ja_Baij.html,Sheikah.html
Jabu-Jabu.html,Deity.html
Jabun.html,Deity.html
Jabun.html,Fish.html
Jacob.html,Human.html
Jaggle.html,Human.html
Jaggle.html,Human_(race).html
Jago.html,Human_(race).html
Jakamar.html,Hylian.html
Jakamar.html,Hylian.html
Jan.html,Hylian.html
Jana.html,Hylian.html
Japas.html,Zora.html
Japas.html,Zora.html
Jasmine.html,Hylian.html
Jee_Noh.html,Sheikah.html
Jellyf.html,Parella.html
Jellyf.html,Parella.html
Jengo.html,Goron.html
Jengo.html,Goron.html
Jerrin.html,Sheikah.html
Jeweler.html,Human_(race).html
Jiahto.html,Zora.html
Jim.html,Hylian.html
Jim_(Majora's_Mask).html,Hylian.html
Jim_(The_Minish_Cap).html,Hylian.html
Jin.html,Hylian.html
Jini.html,Hylian.html
Jiro.html,Hylian.html
Jitan_Sa'mi.html,Sheikah.html
Joanne.html,Hylian.html
Joel.html,Human_(race).html
Joel.html,Hylian.html
Joelle.html,Ghost.html
Joelle.html,Poe.html
Jogo.html,Hylian.html
Johnny.html,Human.html
Jolene.html,Hylian.html
Jolene.html,Hylian.html
Joloo_Nah.html,Sheikah.html
Jora.html,Hylian.html
Jotari.html,Minish.html
Jotari.html,Minish.html
Journalist.html,Human_(race).html
Joute.html,Hylian.html
Joute.html,Hylian.html
Jovani.html,Hylian.html
Jovani.html,Hylian.html
Juannelle.html,Hylian.html
Judge.html,Human_(race).html
Jules.html,Hylian.html
Jules.html,Hylian.html
Julietta.html,Hylian.html
Jun-Roberto.html,Hylian.html
June.html,Hylian.html
Juney.html,Hylian.html
Junglo.html,Human_(race).html
Ka'o_Makagh.html,Sheikah.html
Kaam_Ya'tak.html,Sheikah.html
Kabetta.html,Goron.html
Kabetta.html,Goron.html
Kachoo.html,Gerudo.html
Kachoo.html,Gerudo.html
Kafei.html,Hylian.html
Kafei.html,Hylian.html
Kagoron.html,Goron.html
Kagoron.html,Goron.html
Kah_Mael.html,Sheikah.html
Kah_Okeo.html,Sheikah.html
Kah_Yah.html,Sheikah.html
Kaifa.html,Hylian.html
Kairo.html,Goron.html
Kairo.html,Goron.html
Kakariko_Item_Seller.html,Human.html
Kakariko_Item_Seller.html,Hylian.html
Kakashi.html,Scarecrow.html
Kakashi.html,Scarecrow.html
Kalani.html,Gerudo.html
Kam_Urog.html,Sheikah.html
Kamaro.html,Ghost.html
Kamaro.html,Hylian.html
Kamaro.html,Hylian.html
Kamia_Omuna.html,Sheikah.html
Kamo.html,Hylian.html
Kampo.html,Hylian.html
Kane.html,Hylian.html
Kaneli.html,Rito.html
Kaneli.html,Rito.html
Kanny.html,Hylian.html
Kapson.html,Zora.html
Karane.html,Hylian.html
Karane.html,Hylian.html
Karin.html,Hylian.html
Karsh.html,Gerudo.html
Karson.html,Hylian.html
Karson.html,Hylian.html
Karuna.html,Moblin.html
Kashiko.html,Hylian.html
Kass.html,Rito.html
Kass.html,Rito.html
Katah_Chuki.html,Sheikah.html
Katosa_Aug.html,Sheikah.html
Katta.html,Gerudo.html
Kay_Noh.html,Sheikah.html
Kaya_Wan.html,Sheikah.html
Kayden.html,Zora.html
Kayo.html,Cobble.html
Kayo.html,Ghost.html
Kayra_Mah.html,Sheikah.html
Kaysa.html,Fairy.html
Kaysa.html,Great_Fairy.html
Kazul.html,Hylian.html
Ke'nai_Shakah.html,Sheikah.html
Keaton_Mask_Soldier.html,Hylian.html
Kee_Dafunia.html,Sheikah.html
Keeha_Yoog.html,Sheikah.html
Keeley.html,Hylian.html
Keet.html,Hylian.html
Keet.html,Hylian.html
Keeta.html,Stalchild.html
Keh_Namut.html,Sheikah.html
Keive_Tala.html,Sheikah.html
Kema_Kosassa.html,Sheikah.html
Kema_Zoos.html,Sheikah.html
Kenyo.html,Hylian.html
Keo_Ruug.html,Sheikah.html
Ketoh_Wawai.html,Sheikah.html
Keye.html,Zora.html
Kheel.html,Rito.html
Kheel.html,Rito.html
Khini.html,Hylian.html
Kiah_Toza.html,Sheikah.html
Kiana.html,Hylian.html
Kidnapped_Child.html,Hylian.html
Kihiro_Moh.html,Sheikah.html
Kiki.html,Monkey.html
"Kili,_Hanna,_and_Misha.html",Hylian.html
"Kili,_Hannah_and_Misha.html",Hylian.html
Kili.html,Hylian.html
Kilton.html,Hylian.html
Kima.html,Hylian.html
Kima.html,Hylian.html
Kina.html,Hylian.html
Kina.html,Hylian.html
King_Bulblin.html,Bulblin.html
King_Daltus.html,Hylian.html
King_Daltus.html,Hylian.html
King_Daphnes.html,Hylian.html
King_Daphnes_Nohansen_Hyrule.html,Hylian.html
King_Desma.html,Yamatami_Tribe.html
King_Dorephan.html,Zora.html
King_Dorephan.html,Zora.html
King_Gustaf.html,Ghost.html
King_Gustaf.html,Hylian.html
King_Gustaf.html,Hylian.html
King_Harkinian.html,Hylian.html
King_Harkinian.html,Hylian.html
King_Mutoh.html,Cobble.html
King_Mutoh.html,Ghost.html
King_Mutoh.html,Hylian.html
King_Oberon.html,Fairy.html
King_Oberon.html,Fairy.html
King_Rhoam.html,Hylian.html
King_Rhoam.html,Hylian.html
King_Tuft.html,Human.html
King_Zora.html,Zora.html
King_Zora.html,Zora.html
King_Zora_(A_Link_to_the_Past).html,Zora.html
King_Zora_(Ocarina_of_Time).html,Zora.html
King_Zora_(Oracle_of_Ages).html,Zora.html
King_Zora_(Twilight_Princess).html,Zora.html
King_Zora_XVI.html,Zora.html
King_of_Hyrule.html,Hylian.html
King_of_Hyrule_(A_Link_to_the_Past).html,Hylian.html
King_of_Hyrule_(A_Link_to_the_Past).html,Hylian.html
King_of_Hyrule_(Ocarina_of_Time).html,Hylian.html
King_of_Hyrule_(The_Adventure_of_Link).html,Hylian.html
King_of_Hyrule_(The_Adventure_of_Link).html,Hylian.html
King_of_Hyrule_(The_Shadow_Prince).html,Hylian.html
Kinov.html,Hylian.html
Kish.html,Hylian.html
Kish.html,Hylian.html
Klaus.html,Hylian.html
Knight.html,Hylian.html
Knight_of_Hyrule.html,Hylian.html
Knights_of_Hyrule.html,Hylian.html
Know-It-All_Brothers.html,Kokiri.html
Know-It-All_Brothers.html,Kokiri.html
Knuckle.html,Hylian.html
Knuckle.html,Hylian.html
Koboli.html,Rito.html
Koboli.html,Rito.html
Kodah.html,Zora.html
Kodah.html,Zora.html
Kofu.html,Anouki.html
Kofu.html,Anouki.html
Kogoli.html,Rito.html
Kogoli.html,Rito.html
Kogoron.html,Goron.html
Kohga.html,Sheikah.html
Kohm.html,Gerudo.html
Koko.html,Sheikah.html
Komali's_Grandmother.html,Rito.html
Komali's_Grandmother.html,Rito.html
Komali.html,Rito.html
Komali.html,Rito.html
Konba.html,Hylian.html
Konora.html,Gerudo.html
Konora.html,Gerudo.html
Kooloo-Limpah.html,Tingles.html
Korgu_Chideh.html,Sheikah.html
Korsh_O'hu.html,Sheikah.html
Kortz.html,Mogma.html
Kortz.html,Mogma.html
Kotake.html,Gerudo.html
Kotta.html,Gerudo.html
Kotts.html,Rito.html
Koume.html,Gerudo.html
Koume_and_Kotake.html,Gerudo.html
Koyin.html,Hylian.html
Krane.html,Goron.html
Krane.html,Goron.html
Kreeb.html,Hylian.html
Krin.html,Hylian.html
Kuh_Takkar.html,Sheikah.html
Kuhn_Sidajj.html,Sheikah.html
Kukiel.html,Hylian.html
Kukiel.html,Hylian.html
Kula.html,Korok.html
Kumu.html,Anouki.html
Kumu.html,Anouki.html
Kyra.html,Gerudo.html
Kyra.html,Gerudo.html
LD-301N_Skipper.html,Ancient_Robot.html
LD-301S_Scrapper.html,Ancient_Robot.html
Laflat.html,Zora.html
Laine.html,Gerudo.html
Laine.html,Gerudo.html
Laissa.html,Rito.html
Lake_Scientist.html,Hylian.html
Lakeside_Item_Seller.html,Hylian.html
Lakna_Rokee.html,Sheikah.html
Lana.html,Deity.html
Lana.html,Human.html
Lana.html,Hylian.html
Lanayru_(Skyward_Sword).html,Deity.html
Lanayru_(Skyward_Sword).html,Dragon.html
Lanayru_(Spirit).html,Spirits_of_Light.html
Lanayru_(Twilight_Princess).html,Deity.html
Lanno_Kooh.html,Sheikah.html
Laroba.html,Gerudo.html
Laroba.html,Gerudo.html
Laruta.html,Zora.html
Laruta.html,Zora.html
Laruto.html,Zora.html
Laruto.html,Zora.html
Lashley.html,Gerudo.html
Lasli.html,Sheikah.html
Laughing_Men.html,Hylian.html
Lawdon.html,Hylian.html
Leaf.html,Deity.html
Leaf.html,Fairy.html
Leaf.html,Fairy.html
Ledd.html,Mogma.html
Ledd.html,Mogma.html
Ledo.html,Zora.html
Leekah.html,Hylian.html
Leekah.html,Hylian.html
Leena.html,Gerudo.html
Lenzo.html,Hylian.html
Lenzo.html,Hylian.html
Leop.html,Hylian.html
Lester.html,Hylian.html
Levias.html,Deity.html
Liana.html,Gerudo.html
Liana.html,Gerudo.html
Liar.html,Usotami.html
Librari.html,Minish.html
Librari.html,Minish.html
Librarian.html,Hylian.html
Lila.html,Hylian.html
Linda.html,Hylian.html
Linda.html,Hylian.html
Linder.html,Korok.html
Linder.html,Korok.html
Lineback.html,Hylian.html
Linebeck.html,Hylian.html
Linebeck.html,Hylian.html
Linebeck_III.html,Hylian.html
Linebeck_III.html,Hylian.html
Link's_Cow.html,Cow.html
Link's_Father.html,Hylian.html
Link's_Father.html,Hylian.html
Link's_Grandma.html,Hylian.html
Link's_Grandma.html,Hylian.html
Link's_Grandmother.html,Hylian.html
Link's_Mother.html,Hylian.html
Link's_Mother.html,Hylian.html
Link's_Uncle.html,Hylian.html
Link's_Uncle.html,Hylian.html
Link.html,Hylian.html
Link.html,Hylian.html
Link_(Goron).html,Goron.html
Link_(Pig).html,Pig.html
Link_of_the_Gorons.html,Goron.html
Link_the_Cat.html,Cat.html
Link_the_Goron.html,Goron.html
Link_the_Pig.html,Pig.html
Linkle's_Grandmother.html,Hylian.html
Linkle.html,Hylian.html
Linkle.html,Hylian.html
Links.html,Hylian.html
Lizalfos_Chieftain.html,Lizalfos.html
Lockpicker.html,Hylian.html
Lolly.html,Hylian.html
Lonely_Goron.html,Goron.html
Lonni.html,Hylian.html
Loone.html,Hylian.html
Loot.html,Hylian.html
Lopsa.html,Kikwi.html
Lopsa.html,Kikwi.html
Lord_Bullbo.html,Bullbo.html
Lord_Jabu-Jabu.html,Deity.html
Lord_of_the_Mountain.html,Ghost.html
Lorn.html,Gerudo.html
Lost_Old_Man.html,Hylian.html
Lost_Old_Man.html,Hylian.html
Louise.html,Cat.html
Loyal_Sage.html,Hylian.html
Loyal_Sage.html,Hylian.html
Lucky_Lee.html,Ghost.html
Luda.html,Human.html
Luda.html,Human_(race).html
Lukan.html,Gerudo.html
Lulu's_Mother.html,Zora.html
Lulu.html,Zora.html
Lulu.html,Zora.html
Lumber_Salesman.html,Hylian.html
Luv.html,Hylian.html
Luv.html,Hylian.html
Lyndae.html,Goron.html
Lyndae.html,Goron.html
Lynna_City_Comedian.html,Human.html
Maag_Halan.html,Sheikah.html
Maag_No'rah.html,Sheikah.html
Mabe_Village_Shopkeeper.html,Human_(race).html
Maca.html,Korok.html
Maca.html,Korok.html
Machi.html,Kikwi.html
Machi.html,Kikwi.html
Mack.html,Hylian.html
Mad_Batter.html,Keese.html
Madam_Couture.html,Human_(race).html
Madam_MeowMeow.html,Human_(race).html
Madame_Aroma.html,Hylian.html
Madame_Aroma.html,Hylian.html
Madame_Couture's_Apprentice.html,Human.html
Madame_Couture's_Assistant.html,Human.html
Madame_Couture.html,Human.html
Madame_Grusha.html,Hylian.html
Madame_Scratchcard.html,Human.html
Madame_Scratchcard.html,Human_(race).html
Magda.html,Hylian.html
Magda.html,Hylian.html
Maggie's_Father.html,Hylian.html
Maggie's_Father.html,Hylian.html
Maggie_(The_Minish_Cap).html,Hylian.html
Maggie_(The_Wind_Waker).html,Hylian.html
Mah_Eliya.html,Sheikah.html
Maiden.html,Hylian.html
Maidens.html,Hylian.html
Maike.html,Gerudo.html
Maka_Rah.html,Sheikah.html
Makar.html,Korok.html
Makar.html,Korok.html
Makeela_Riju.html,Gerudo.html
Mako.html,Hylian.html
Mako.html,Hylian.html
Maku_Tree_(Oracle_of_Ages).html,Deity.html
Maku_Tree_(Oracle_of_Seasons).html,Deity.html
Makure.html,Gerudo.html
Malanya.html,Deity.html
Malanya.html,Fairy.html
Malena.html,Gerudo.html
Malena.html,Gerudo.html
Malladus.html,Demon.html
Malladus.html,Demon.html
Mallara.html,Hylian.html
Mallara.html,Hylian.html
Malo.html,Human.html
Malo.html,Human_(race).html
Malon.html,Human.html
Malon.html,Human_(race).html
Malon.html,Hylian.html
Malon.html,Hylian.html
Malver.html,Hylian.html
Mama.html,Hylian.html
Mama_Turtle.html,Turtle.html
Mamamu_Yan.html,Human_(race).html
Mamamu_Yan.html,Hylian.html
Mamamu_Yan.html,Hylian.html
Mamamu_Yan.html,Hylian.html
Mamba.html,Yamatami_Tribe.html
Mamba.html,Yamatami_Tribe.html
Mamu.html,Frog.html
Mamu.html,Frog.html
Man_from_Curiosity_Shop.html,Hylian.html
Man_from_Trading_Post.html,Hylian.html
Man_from_the_Bazaar.html,Hylian.html
Man_from_the_Bomb_Shop.html,Hylian.html
Man_from_the_Bomb_Shop.html,Hylian.html
Man_from_the_Curiosity_Shop.html,Hylian.html
Man_from_the_Medicine_Shop.html,Hylian.html
Man_from_the_Shooting_Gallery.html,Hylian.html
Man_from_the_Shooting_Gallery.html,Hylian.html
Man_from_the_Swamp_Shooting_Gallery.html,Hylian.html
Man_from_the_Trading_Post.html,Hylian.html
Man_in_Blind's_Hideout.html,Human.html
Man_of_Smiles.html,Hylian.html
Man_on_the_Roof.html,Hylian.html
Manbo.html,Fish.html
Manny.html,Hylian.html
Manny_(Breath_of_the_Wild).html,Hylian.html
Manny_(The_Wind_Waker).html,Hylian.html
Map-Seller.html,Human.html
Map-Seller.html,Human_(race).html
Maple.html,Human.html
Maple.html,Human_(race).html
Marathon_Man.html,Hylian.html
Marcy.html,Hylian.html
Marcy.html,Hylian.html
Marin.html,Human.html
Marin.html,Human_(race).html
Marot.html,Zora.html
Marshall.html,Hylian.html
Marta.html,Gerudo.html
Martha.html,Mermaid.html
Mask_Salesman.html,Human.html
Mask_Salesman.html,Hylian.html
Masked_Elder.html,Hylian.html
Masked_Elder.html,Lorule.html
Masked_Granny.html,Hylian.html
Master.html,Subrosian.html
Master_Craftsman.html,Hylian.html
Master_Diver.html,Human.html
Master_Diver.html,Human_(race).html
Master_Drona.html,Hinox.html
Max.html,Cobble.html
Max.html,Ghost.html
Max.html,Hylian.html
Mayor_Bo.html,Human_(race).html
Mayor_Dotour.html,Hylian.html
Mayor_Dotour.html,Hylian.html
Mayor_Hagen.html,Hylian.html
Mayor_Hagen.html,Hylian.html
Mayor_Kravindish.html,Hylian.html
Mayor_Plen.html,Human.html
Mayor_Plen.html,Human_(race).html
Mayor_Ruul.html,Human.html
Mayor_Ruul.html,Human_(race).html
Maypin.html,Hylian.html
Maypin.html,Hylian.html
Mayro.html,Hylian.html
Mayro.html,Hylian.html
Mazli.html,Rito.html
Mazli.html,Rito.html
Mazo.html,Anouki.html
Mazo.html,Anouki.html
McNey.html,Ghost.html
McNey.html,Hylian.html
Medicine_Shop_Owner.html,Hylian.html
Medigoron.html,Goron.html
Medigoron.html,Goron.html
Medilia.html,Hylian.html
Medilia.html,Hylian.html
Medli.html,Rito.html
Medli.html,Rito.html
Meeshy.html,Hylian.html
Meg.html,Ghost.html
Meg.html,Poe.html
Megaphone_Old_Man.html,Human.html
Meghyn.html,Hylian.html
Mei.html,Zora.html
Mei.html,Zora.html
Melari.html,Minish.html
Melari.html,Minish.html
Mellie.html,Sheikah.html
Mellie.html,Sheikah.html
Merchant.html,Hylian.html
Merco.html,Mogma.html
Merco.html,Mogma.html
Merina.html,Gerudo.html
Mesa.html,Hylian.html
Mesa.html,Hylian.html
Mezer.html,Hylian.html
Mezza_Lo.html,Sheikah.html
Mia.html,Remlit.html
Midna's_Father.html,Twili.html
Midna.html,Twili.html
Midna.html,Twili.html
Mido.html,Kokiri.html
Mido.html,Kokiri.html
Miff.html,Fairy.html
Miff.html,Fairy.html
Mija.html,Fairy.html
Mija.html,Great_Fairy.html
Mijah_Rokee.html,Sheikah.html
Mikau.html,Zora.html
Mikau.html,Zora.html
Mila's_Father.html,Hylian.html
Mila's_Father.html,Hylian.html
Mila.html,Hylian.html
Mila.html,Hylian.html
Milk_Bar_Owner.html,Hylian.html
Milk_Bar_Owner_(Hyrule).html,Hylian.html
Milk_Bar_Owner_(Lorule).html,Hylian.html
Mils.html,Hylian.html
Mils.html,Hylian.html
Mimi.html,Human.html
Mimi.html,Hylian.html
Mimo.html,Rito.html
Mimo.html,Rito.html
Mimos.html,Hylian.html
Mina.html,Hylian.html
Minenco.html,Hylian.html
Mini-game_Operator.html,Hylian.html
Mini-game_Operator.html,Hylian.html
Minish_Elder.html,Minish.html
Minister_Potho.html,Hylian.html
Minister_Potho.html,Hylian.html
Mipha.html,Zora.html
Mipha.html,Zora.html
Mirro_Shaz.html,Sheikah.html
Misa.html,Rito.html
Misae_Suma.html,Sheikah.html
Misha.html,Hylian.html
Miss_Marie.html,Human.html
Miss_Tetra.html,Hylian.html
Missy_(Freshly-Picked_Tingle's_Rosy_Rupeeland).html,Human.html
Missy_(Freshly-Picked_Tingle's_Rosy_Rupeeland).html,Human_(race).html
Missy_(The_Wind_Waker).html,Hylian.html
Mittens'_Owner.html,Human_(race).html
Mittens.html,Cat.html
Mo'a_Keet.html,Sheikah.html
Moblin_Boss.html,Moblin.html
Modar.html,Goron.html
Moe.html,Moblin.html
Moe.html,Moblin.html
Mogg_Latan.html,Sheikah.html
Moggs.html,Hylian.html
Molli.html,Rito.html
Molo.html,Hylian.html
Molo.html,Hylian.html
Monari.html,Hylian.html
Monk.html,Sheikah.html
Monkton.html,Hylian.html
Monkton.html,Hylian.html
Monster_Lady.html,Bow_Moblin.html
Monster_Lady.html,Hylian.html
Monya_Toma.html,Sheikah.html
Moonlight_Merchant.html,Gossip_Stone.html
Morshu.html,Hylian.html
Mother_Maiamai.html,Maiamai.html
Mother_Maiamai.html,Maiamai.html
Mountain_Goddess.html,Deity.html
Moza.html,Hylian.html
Mozo_Shenno.html,Sheikah.html
Mr-2.html,Hylian.html
Mr-3.html,Human.html
Mr-3.html,Mogma.html
Mr-4.html,Hylian.html
Mr-5.html,Human.html
Mr.html,Human.html
Mr.html,Human_(race).html
Mrs-2.html,Human.html
Mrs-2.html,Human_(race).html
Mrs.html,Human.html
Mrs.html,Human_(race).html
Muava.html,Gerudo.html
Muava.html,Gerudo.html
Mubs.html,Hylian.html
Mutoh's_Apprentice.html,Hylian.html
Mutoh.html,Human_(race).html
Mutoh.html,Hylian.html
Mutoh.html,Hylian.html
Mutoh.html,Hylian.html
Mutoh.html,Hylian.html
Muwo_Jeem.html,Sheikah.html
Muzu.html,Zora.html
Muzu.html,Zora.html
Myahm_Agana.html,Sheikah.html
Mysterious_Man.html,Hylian.html
Mysterious_Man.html,Hylian.html
Nabooru's_Second-in-Command.html,Gerudo.html
Nabooru.html,Gerudo.html
Nabooru.html,Gerudo.html
Nack.html,Hylian.html
Nack.html,Hylian.html
Nackle.html,Mogma.html
Nackle.html,Mogma.html
Naddon.html,Hylian.html
Nakura.html,Ghost.html
Nakura.html,Spirit.html
Nali.html,Gerudo.html
Namali.html,Rito.html
Namali.html,Rito.html
Namika_Ozz.html,Sheikah.html
Nanna.html,Sheikah.html
Narah.html,Hylian.html
Nat.html,Hylian.html
Natie.html,Korok.html
Natie.html,Korok.html
Navi.html,Fairy.html
Navi.html,Fairy.html
"Nayru,_the_Oracle_of_Ages.html",Oracle.html
Nayru_(Oracle).html,Oracle.html
Nayru_(goddess).html,Deity.html
Nayru_(oracle).html,Hylian.html
Nazbi.html,Hylian.html
Ne'ez_Yohma.html,Sheikah.html
Nebb.html,Hylian.html
Neil.html,Human_(race).html
Nekk.html,Rito.html
Nekk.html,Rito.html
Nell.html,Hylian.html
Nell.html,Hylian.html
Nellie.html,Gerudo.html
Nellie.html,Gerudo.html
Nelly.html,Fairy.html
Neri.html,Deity.html
Neri.html,Fairy.html
Neri.html,Fairy.html
Nikki.html,Hylian.html
Niko.html,Hylian.html
Niko.html,Hylian.html
Nobiro.html,Hylian.html
Nobiro.html,Hylian.html
Nobo.html,Hylian.html
Nobodo.html,Anouki.html
Nobodo.html,Anouki.html
Noe_Raiee.html,Sheikah.html
Noko.html,Anouki.html
Noko.html,Anouki.html
Notts.html,Rito.html
Noya_Neha.html,Sheikah.html
Nudge.html,Hylian.html
Nudge.html,Hylian.html
Nyave.html,Hylian.html
Oaki.html,Korok.html
Oakin.html,Korok.html
Oakin.html,Korok.html
Obli.html,Human.html
Obli.html,Human.html
Obli.html,Rito.html
Obli.html,Rito.html
Ocean_Fishing_Hole_Owner.html,Hylian.html
Ocean_King.html,Deity.html
Ocean_King.html,Hylian.html
Oceanside_Spider_House_Resident.html,Hylian.html
Octo.html,Octorok.html
Octo.html,Octorok.html
Official.html,Hylian.html
Offrak.html,Goron.html
Offrak.html,Goron.html
Ojī.html,Human.html
Old_Gent.html,Human_(race).html
Old_Lady_from_Bomb_Shop.html,Hylian.html
Old_Lady_from_Bomb_Shop.html,Hylian.html
Old_Man.html,Human_(race).html
Old_Man.html,Hylian.html
Old_Man.html,Hylian.html
Old_Man_(Oracle_of_Seasons).html,Human.html
Old_Man_Ho_Ho.html,Hylian.html
Old_Timer.html,Human.html
Old_Wayfarer.html,Human.html
Old_Wayfarer.html,Human_(race).html
Old_Woman.html,Hylian.html
Old_Zora.html,Zora.html
Oliff.html,Hylian.html
Olivio.html,Korok.html
Olivio.html,Korok.html
Olkin.html,Sheikah.html
Ollie.html,Sheikah.html
Ollie.html,Sheikah.html
Olu.html,Gerudo.html
Oman_Au.html,Sheikah.html
Onya.html,Hylian.html
Ooccoo.html,Oocca.html
Ooccoo.html,Oocca.html
Ooccoo_Jr.html,Oocca.html
Ooccoo_Jr.html,Oocca.html
Oolo.html,Kikwi.html
Oolo.html,Kikwi.html
Oracle_of_Secrets.html,Oracle.html
Orca.html,Hylian.html
Orca.html,Hylian.html
Ordona.html,Deity.html
Ordona_(Spirit).html,Spirits_of_Light.html
Oren.html,River_Zora.html
Oren.html,Zora.html
Oren.html,Zora_(Enemy).html
Orielle.html,Hylian.html
Original_Lulu.html,Zora.html
Osfala.html,Hylian.html
Osfala.html,Hylian.html
Oshus.html,Hylian.html
Oshus.html,Hylian.html
Osun.html,Hylian.html
Out-of-place_Soldier.html,Hylian.html
Owa_Daim.html,Sheikah.html
Owl_(Link's_Awakening).html,Owl.html
Owlan.html,Hylian.html
Owlan.html,Hylian.html
Ozunda.html,Hylian.html
Padok.html,Hylian.html
Paige.html,Hylian.html
Palme.html,Hylian.html
Pamela's_Father.html,Gibdo.html
Pamela's_Father.html,Hylian.html
Pamela's_Father.html,Hylian.html
Pamela.html,Human.html
Pamela.html,Hylian.html
Papa.html,Hylian.html
Papahl's_Wife.html,Human_(race).html
Papahl.html,Human.html
Papahl.html,Human_(race).html
Parcy.html,Hylian.html
Parrow.html,Hylian.html
Parrow.html,Hylian.html
Part-Timer.html,Hylian.html
Part-time_Employee.html,Hylian.html
Pasha.html,Gerudo.html
Pashli.html,Rito.html
Pashli.html,Rito.html
Patch.html,Human.html
Patch.html,Human_(race).html
Patricia.html,Sand_Seal.html
Paul.html,Human_(race).html
Paya.html,Sheikah.html
Paya.html,Sheikah.html
Pearle.html,Gerudo.html
Pearle.html,Gerudo.html
Peater.html,Hylian.html
Peater.html,Hylian.html
Peatrice.html,Hylian.html
Peatrice.html,Hylian.html
Peeks.html,Korok.html
Pelison.html,Goron.html
Pelison.html,Goron.html
Pepp.html,Korok.html
Pepp.html,Korok.html
Percy.html,Hylian.html
Perda.html,Gerudo.html
Pergie.html,Human.html
Pergie.html,Human_(race).html
Perosa.html,Hylian.html
Phanna.html,Hylian.html
Phantom_Ganon.html,Ghost.html
Phantom_Guide.html,Ghost.html
Phantom_Guide.html,Poe.html
Phantom_Zelda.html,Phantom.html
Philosopher.html,Hylian.html
Phoeni.html,Ghost.html
Photo_Bro.html,Human.html
Photographer.html,Animals.html
Pierre.html,Scarecrow.html
Pierre.html,Scarecrow.html
Pikango.html,Sheikah.html
Pina.html,Hylian.html
Pina.html,Hylian.html
Pingle.html,Fairy.html
Pink_Fairy.html,Fairy.html
Pinkle.html,Fairy.html
Pinkle.html,Fairy.html
Piper.html,Hylian.html
Piper.html,Hylian.html
Pipit.html,Hylian.html
Pipit.html,Hylian.html
Pippin.html,Human.html
Pippin.html,Human_(race).html
Pirate's_Prisoner.html,Hylian.html
Pirates'_Prisoner.html,Hylian.html
Pirou.html,Hylian.html
Pita.html,Hylian.html
Pitar.html,Hylian.html
Piyoko.html,Cucco.html
Plats.html,Mogma.html
Plats.html,Mogma.html
Plen.html,Human.html
Ploka.html,Gerudo.html
Pokki.html,Gerudo.html
Pokki.html,Gerudo.html
Pompie_and_Vera.html,Human_(race).html
Pompie_and_Vera.html,Hylian.html
Pond_Owner.html,Hylian.html
Pondo.html,Hylian.html
Ponthos.html,Hylian.html
Port_Town_Guard's_Wife.html,Human_(race).html
Port_Town_Guard.html,Human_(race).html
Possessed_Linebeck.html,Hylian.html
Possessed_Nayru.html,Oracle.html
Postman.html,Human_(race).html
Postman.html,Hylian.html
Postman.html,Hylian.html
Postman.html,Hylian.html
Postman.html,Hylian.html
Postman.html,Hylian.html
Postman.html,Hylian.html
Postmaster.html,Hylian.html
Potova_and_Joanna.html,Hylian.html
Priest.html,Hylian.html
Priest.html,Hylian.html
Prima.html,Hylian.html
Prince_Komali.html,Rito.html
Prince_Komali.html,Rito.html
Prince_Ralis.html,Zora.html
Prince_Rouru.html,Watarara.html
Prince_Sidon.html,Zora.html
Prince_Sidon.html,Zora.html
Prince_of_Hyrule.html,Hylian.html
Prince_of_Hyrule.html,Hylian.html
Princess_Hilda.html,Hylian.html
Princess_Hilda.html,Hylian.html
Princess_Midna.html,Twili.html
Princess_Mipha.html,Zora.html
Princess_Ruto.html,Zora.html
Princess_Ruto.html,Zora.html
Princess_Styla.html,Human.html
Princess_Styla.html,Human_(race).html
Princess_Zelda.html,Hylian.html
Princess_Zelda.html,Hylian.html
Princess_Zelda_I.html,Hylian.html
Prissen.html,Hylian.html
Pritana.html,Gerudo.html
Pritana.html,Gerudo.html
Professor.html,Hylian.html
Professor_Shikashi.html,Hylian.html
Proxi.html,Fairy.html
Pruce.html,Hylian.html
Puini.html,Horse.html
Pumaag_Nitae.html,Sheikah.html
Pumm.html,Hylian.html
Pumm.html,Hylian.html
Purah.html,Sheikah.html
Purah.html,Sheikah.html
Purlo.html,Hylian.html
Purple_Knight.html,Hylian.html
Purple_Maiden.html,Hylian.html
Purple_Shrine_Maiden.html,Hylian.html
Purry.html,Cat.html
Pyle.html,Goron.html
Pyle.html,Goron.html
Pyra.html,Gerudo.html
Pyra.html,Gerudo.html
Qaza_Tokki.html,Sheikah.html
Qua_Raym.html,Sheikah.html
Quadruplet_Family.html,Human.html
Quadruplets.html,Human_(race).html
Queen_Ambi.html,Human.html
Queen_Ambi.html,Human_(race).html
Queen_Elrora.html,Watarara.html
Queen_Fairy.html,Fairy.html
Queen_Oren.html,River_Zora.html
Queen_Oren.html,Zora.html
Queen_Rutela.html,Ghost.html
Queen_Rutela.html,Zora.html
Queen_Rutela.html,Zora.html
Queen_Selene.html,Hylian.html
Queen_Seline.html,Hylian.html
Queen_Seline.html,Hylian.html
Queen_of_Fairies.html,Deity.html
Queen_of_Fairies.html,Fairy.html
Quill.html,Rito.html
Quill.html,Rito.html
Qukah_Nata.html,Sheikah.html
Rabbitland_Rescue_Man's_Wife.html,Hylian.html
Rabbitland_Rescue_Man.html,Hylian.html
Raccoon.html,Human.html
Racing_Bros.html,Hylian.html
Racing_Brothers.html,Hylian.html
Rael.html,Lokomo.html
Rael.html,Lokomo.html
Rafton.html,Human.html
Rafton.html,Human_(race).html
Ralera.html,Hylian.html
Ralis.html,Zora.html
Ralph.html,Human.html
Ralph.html,Human_(race).html
Ramella.html,Gerudo.html
Ramella.html,Gerudo.html
Rancher.html,Human_(race).html
Raqa_Zunzo.html,Sheikah.html
Rauru.html,Hylian.html
Rauru.html,Hylian.html
Ravio.html,Hylian.html
Reagah.html,Goron.html
Receptionist.html,Human.html
Receptionist.html,Hylian.html
Red_Knight.html,Hylian.html
Red_Knight.html,Hylian.html
Red_Maiden.html,Hylian.html
Red_Shrine_Maiden.html,Hylian.html
Ree_Dahee.html,Sheikah.html
Reeza.html,Gerudo.html
Regan.html,Hylian.html
Rem.html,Human.html
Rem.html,Hylian.html
Renado.html,Human.html
Renado.html,Human_(race).html
Rensa.html,Hylian.html
Rensa.html,Hylian.html
Revali.html,Rito.html
Revali.html,Rito.html
Rex.html,Hylian.html
Rhoam.html,Hylian.html
Rhoam_Bosphoramus_Hyrule.html,Hylian.html
Rhodes.html,Hylian.html
Rhondson.html,Gerudo.html
Rhondson.html,Gerudo.html
Richard.html,Human.html
Richard_(Link's_Awakening).html,Human_(race).html
Richard_(Ocarina_of_Time).html,Dog.html
Riju.html,Gerudo.html
Riju.html,Gerudo.html
Rik.html,Hylian.html
Rima.html,Gerudo.html
Rima.html,Gerudo.html
Rin_Oyaa.html,Sheikah.html
Rinu_Honika.html,Sheikah.html
Rioma.html,Hylian.html
Ripp.html,Gerudo.html
Risa.html,Gerudo.html
Ritaag_Zumo.html,Sheikah.html
Rito_Chief.html,Rito.html
Rito_Chieftain.html,Rito.html
Rito_Chieftain.html,Rito.html
Rivan.html,Zora.html
Rivan.html,Zora.html
River_Man.html,Hylian.html
Roam.html,Hylian.html
Robbie.html,Sheikah.html
Robbie.html,Sheikah.html
Robeless_Salona.html,Salona.html
Robsten.html,Hylian.html
Rogaro.html,Goron.html
Rogaro.html,Goron.html
Rohan.html,Goron.html
Rohan.html,Goron.html
Rohta_Chigah.html,Sheikah.html
Rok_Uwog.html,Sheikah.html
Rola.html,Sheikah.html
Rolf.html,Dog.html
Romah.html,Gerudo.html
Romah.html,Gerudo.html
Romani.html,Hylian.html
Romani.html,Hylian.html
Romanos's_Mother.html,Human_(race).html
Romanos.html,Human.html
Romanos.html,Human_(race).html
Romio.html,Hylian.html
Romu.html,Hylian.html
Rona_Kachta.html,Sheikah.html
Ronn.html,Hylian.html
Ronny.html,Human_(race).html
Roperi's_Mother.html,Human.html
Roperi.html,Human.html
Rosa.html,Subrosian.html
Rosa.html,Subrosian.html
Rosa_Sisters.html,Hylian.html
Rosa_Sisters.html,Hylian.html
Rose.html,Human_(race).html
Rose.html,Hylian.html
Rosso.html,Hylian.html
Rota_Ooh.html,Sheikah.html
Rotana.html,Gerudo.html
Rotana.html,Gerudo.html
Rown.html,Korok.html
Rown.html,Korok.html
Royal_Family.html,Hylian.html
Royal_Family_of_Hyrule.html,Hylian.html
Royal_Knights.html,Hylian.html
Rozel.html,Hylian.html
Rucco_Maag.html,Sheikah.html
Rudi.html,Hylian.html
Ruli.html,Hylian.html
Rumor_Guy.html,Hylian.html
Runaway_Item_Seller.html,Hylian.html
Running_Man.html,Hylian.html
Running_Man.html,Hylian.html
Rupin.html,Hylian.html
Rupin.html,Hylian.html
Rus.html,Hylian.html
Rusl's_and_Uli's_Daughter.html,Human.html
Rusl.html,Human.html
Rusl.html,Human_(race).html
Russ.html,Hylian.html
Russell.html,Hylian.html
Russell.html,Hylian.html
Rusta.html,Hylian.html
Rusta.html,Hylian.html
Rutela.html,Zora.html
Ruvo_Korbah.html,Sheikah.html
Saas_Ko'sah.html,Sheikah.html
Sabooro.html,Hylian.html
Sage_Gulley.html,Hylian.html
Sage_Impa.html,Sheikah.html
Sage_Oren.html,Zora_(Enemy).html
Sage_Osfala.html,Hylian.html
Sage_Seres.html,Human.html
Sage_of_Fire.html,Goron.html
Sage_of_Shadow.html,Hylian.html
Sage_of_Shadow.html,Hylian.html
Sage_of_Shadow.html,Sheikah.html
Sage_of_Shadow.html,Sheikah.html
Sage_of_Shadow.html,Sheikah.html
Sage_of_Shadow.html,Sheikah.html
Sage_of_Shadow.html,Sheikah.html
Sage_of_Shadow.html,Sheikah.html
Sagessa.html,Hylian.html
Sagessa.html,Hylian.html
Sah_Dahaj.html,Sheikah.html
Sahasrahla's_Friend.html,Hylian.html
Sahasrahla's_Grandson.html,Hylian.html
Sahasrahla's_Grandson.html,Hylian.html
Sahasrahla's_Wife.html,Hylian.html
Sahasrahla.html,Hylian.html
Sahasrahla.html,Hylian.html
Sahasralah.html,Hylian.html
Sahasralah.html,Hylian.html
Saki.html,Rito.html
Saki.html,Rito.html
Sakon.html,Hylian.html
Sakon.html,Hylian.html
Sakon.html,Hylian.html
Salvatore.html,Hylian.html
Salvatore.html,Hylian.html
Sam.html,Hylian.html
Santa.html,Human_(race).html
Santa_Claus.html,Human_(race).html
Saria.html,Kokiri.html
Saria.html,Kokiri.html
Sasa_Kai.html,Sheikah.html
Sasan.html,Hylian.html
Satchel.html,Hylian.html
Sato_Koda.html,Sheikah.html
Satty.html,Dog.html
Saula.html,Gerudo.html
Savelle.html,Hylian.html
Savelle.html,Hylian.html
Sayge.html,Hylian.html
Sayge.html,Hylian.html
Scarblade.html,Hylian.html
Scarblade.html,Hylian.html
Scrapper.html,Ancient_Robot.html
Scrapper.html,Ancient_Robot.html
Scratcher.html,Cat.html
Season_Spirits.html,Fairy.html
Sebasto.html,Hylian.html
Secret_Moblin.html,Moblin.html
Secret_Parella.html,Parella.html
Sefaro.html,Hylian.html
Seggin.html,Zora.html
Seldon.html,Hylian.html
Seldon.html,Hylian.html
Self-proclaimed_Hero.html,Human_(race).html
Seline.html,Hylian.html
Selmie.html,Hylian.html
Senna.html,Hylian.html
Senna.html,Hylian.html
Senza.html,Hylian.html
Senza.html,Hylian.html
Sera.html,Human.html
Sera.html,Human_(race).html
Seres.html,Human.html
Seres.html,Hylian.html
Sesami.html,Hylian.html
Sesami.html,Hylian.html
Seven_Maidens.html,Hylian.html
Sha_Gehma.html,Sheikah.html
Sha_Warvo.html,Sheikah.html
Shabonne.html,Gerudo.html
Shabonne.html,Gerudo.html
Shad's_Father.html,Hylian.html
Shad.html,Hylian.html
Shad.html,Hylian.html
Shada_Naw.html,Sheikah.html
Shadow_Link.html,Demon.html
Shady_Guy.html,Hylian.html
Shady_Guy.html,Hylian.html
Shae_Katha.html,Sheikah.html
Shae_Loya.html,Sheikah.html
Shae_Mo'sah.html,Sheikah.html
Shai_Utoh.html,Sheikah.html
Shai_Yota.html,Sheikah.html
Shaillu.html,Gerudo.html
Shamae.html,Hylian.html
Shamae.html,Hylian.html
Shaman.html,Human.html
Sharo_Lun.html,Sheikah.html
Sharp.html,Ghost.html
Sharp.html,Poe.html
Sharp_the_Elder.html,Ghost.html
Sharp_the_Elder.html,Poe.html
Shay.html,Hylian.html
Shee_Vaneer.html,Sheikah.html
Shee_Venath.html,Sheikah.html
Sheem_Dagoze.html,Sheikah.html
Sheh_Rata.html,Sheikah.html
Sheik.html,Hylian.html
Sheik.html,Sheikah.html
Sheik.html,Sheikah.html
Sheikah_Monk.html,Sheikah.html
Sheikah_Monk.html,Sheikah.html
Sheila.html,Hylian.html
Shibo.html,Hylian.html
Shiek.html,Hylian.html
Shiek.html,Sheikah.html
Shiek.html,Sheikah.html
Shikashi.html,Hylian.html
Shikashi.html,Hylian.html
Shikashi.html,Hylian.html
Shipyard_Worker.html,Human.html
Shira_Gomar.html,Sheikah.html
Shiro.html,Hylian.html
Shiro_(Majora's_Mask).html,Hylian.html
Shiro_(Ocarina_of_Time).html,Hylian.html
Sho.html,Hylian.html
Sho_Dantu.html,Sheikah.html
Shoda_Sah.html,Sheikah.html
Shooting_Gallery_Owner.html,Hylian.html
Shoqa_Tatone.html,Sheikah.html
Shora_Hah.html,Sheikah.html
Shrine_Maidens.html,Hylian.html
Sidekick.html,Human.html
Sidon.html,Zora.html
Sign-Loving_Subrosian.html,Subrosian.html
Sign-Loving_Subrosian.html,Subrosian.html
Silva.html,Mogma.html
Silva.html,Mogma.html
Simon.html,Hylian.html
Simon.html,Hylian.html
Sir_Charles.html,Hylian.html
Sir_Combsly.html,Human.html
Sir_Combsly.html,Human_(race).html
Sir_Raven.html,Hylian.html
Sir_Raven.html,Hylian.html
Siroc.html,Wind_Tribe.html
Skeletal_Guards.html,Skeleton.html
Skett.html,Rito.html
Skett_and_Akoot.html,Rito.html
Skett_and_Akoot.html,Rito.html
Skinny_Man.html,Human_(race).html
Skipper.html,Ancient_Robot.html
Skipper.html,Ancient_Robot.html
Skull_Kid_(character).html,Skull_Kid_(race).html
Sleeping_Zelda.html,Hylian.html
Sleezenose.html,Hylian.html
Slergo.html,Goron.html
Slergo.html,Goron.html
Smaude.html,Gerudo.html
Smith.html,Hylian.html
Soal.html,Hylian.html
Soal.html,Hylian.html
Soh_Kofi.html,Sheikah.html
Sokra.html,Human_(race).html
Sokra.html,Hylian.html
Soldier_in_the_Back_Alley.html,Hylian.html
Sophie.html,Hylian.html
Sophie.html,Hylian.html
Sorelia.html,Hylian.html
Sparrot.html,Hylian.html
Sparrot.html,Hylian.html
Spera.html,Gerudo.html
Spinch.html,Hylian.html
Spirit_of_Autumn.html,Deity.html
Spirit_of_Autumn.html,Fairy.html
Spirit_of_Courage.html,Fairy.html
Spirit_of_Courage.html,Fairy.html
Spirit_of_Healing.html,Fairy.html
Spirit_of_Healing.html,Fairy.html
Spirit_of_Power.html,Fairy.html
Spirit_of_Spring.html,Deity.html
Spirit_of_Spring.html,Fairy.html
Spirit_of_Summer.html,Deity.html
Spirit_of_Summer.html,Fairy.html
Spirit_of_Winter.html,Deity.html
Spirit_of_Winter.html,Fairy.html
Spirit_of_Wisdom.html,Fairy.html
Spirit_of_the_Caves.html,Big_Poe.html
Spirit_of_the_Mansion.html,Ghost.html
Spirits_of_Good.html,Deity.html
Splitblade.html,Hylian.html
Splitblade.html,Hylian.html
Spookter_&_Spekter.html,Ghost.html
Spoone.html,Hylian.html
Sprites.html,Fairy.html
Spryte's_Sister.html,Fairy.html
Spryte.html,Fairy.html
Spryte.html,Fairy.html
Stamm.html,Hylian.html
Stamp.html,Hylian.html
Stamp.html,Hylian.html
Steem.html,Lokomo.html
Steem.html,Lokomo.html
Steen.html,Sheikah.html
Stockwell.html,Human.html
Stockwell.html,Hylian.html
Storm.html,Horse.html
Strade.html,Goron.html
Strade.html,Goron.html
Straia.html,Hylian.html
Strange_Brothers.html,Subrosian.html
Strange_Brothers.html,Subrosian.html
Stranger.html,Wind_Tribe.html
Strata.html,Wind_Tribe.html
Street_Merchant.html,Human.html
Street_Merchant.html,Hylian.html
Street_Merchant.html,Hylian.html
Strich.html,Hylian.html
Strich.html,Hylian.html
Stritch.html,Hylian.html
Stritch.html,Hylian.html
Sturgeon.html,Hylian.html
Sturgeon.html,Hylian.html
Stylin'_Scarecrow.html,Scarecrow.html
Stylish_Woman.html,Hylian.html
Stylish_Woman.html,Hylian.html
Subrosian_Chef.html,Subrosian.html
Subrosian_Chef.html,Subrosian.html
Subrosian_Smelter.html,Subrosian.html
Sudrey.html,Gerudo.html
Sue-Belle.html,Hylian.html
Sue-Belle.html,Hylian.html
Sue_Belle.html,Hylian.html
Suma_Sahma.html,Sheikah.html
Sumati.html,Gerudo.html
Sumati.html,Gerudo.html
Sun_Fish.html,Deity.html
Sun_Fish.html,Fish.html
Super_Cucco.html,Cucco.html
Super_Cuccos.html,Cucco.html
Swamp_Fishing_Hole_Owner.html,Hylian.html
Swamp_Shooting_Gallery_Guy.html,Hylian.html
Swamp_Spider_House_Resident.html,Hylian.html
Swamp_Tourist_Center_Guide.html,Hylian.html
Sweeping_Lady.html,Human.html
Sweetie's_Boyfriend.html,Hylian.html
Sweetie.html,Human.html
Sweetie.html,Hylian.html
Sweetie_and_Boyfriend.html,Human.html
Swiftblade.html,Hylian.html
Swiftblade.html,Hylian.html
Swiftblade_I.html,Hylian.html
Swiftblade_the_First.html,Ghost.html
Swiftblade_the_First.html,Hylian.html
Swiftblade_the_First.html,Hylian.html
Swordsman.html,Hylian.html
Symin.html,Sheikah.html
Symin.html,Sheikah.html
Syrup.html,Human.html
Syrup.html,Human_(race).html
Syrup.html,Human_(race).html
Syrup.html,Human_(race).html
Syrup.html,Hylian.html
Syrup.html,Hylian.html
Ta'loh_Naeg.html,Sheikah.html
Tael.html,Fairy.html
Tael.html,Fairy.html
Tah_Muhl.html,Sheikah.html
Tahno_O'ah.html,Sheikah.html
Takama_Shiri.html,Sheikah.html
Tali.html,Gerudo.html
Tali.html,Gerudo.html
Talo.html,Human_(race).html
Talon.html,Human.html
Talon.html,Human_(race).html
Talon.html,Hylian.html
Talon.html,Hylian.html
Talon.html,Hylian.html
Talon.html,Hylian.html
Tamana.html,Hylian.html
Tanko.html,Goron.html
Tanko.html,Goron.html
Tarin.html,Human.html
Tarin.html,Human_(race).html
Tasho.html,Korok.html
Tasseren.html,Hylian.html
Tasseren.html,Hylian.html
Tatl.html,Fairy.html
Tatl.html,Fairy.html
Tauma.html,Hylian.html
Tauma.html,Hylian.html
Tawa_Jinn.html,Sheikah.html
Teacher.html,Hylian.html
Teacher.html,Hylian.html
Teake.html,Gerudo.html
Teake.html,Gerudo.html
Teba.html,Rito.html
Teba.html,Rito.html
Teebo.html,Hylian.html
Teebo.html,Hylian.html
Teli.html,Hylian.html
Teller_of_Treasures.html,Hylian.html
Telma.html,Hylian.html
Telma.html,Hylian.html
Tena_Ko'sah.html,Sheikah.html
Tenne.html,Hylian.html
Tera.html,Fairy.html
Tera.html,Great_Fairy.html
Tetra's_Mother.html,Hylian.html
Tetra's_Mother.html,Hylian.html
Tetra.html,Hylian.html
Tetra.html,Hylian.html
Thadd.html,Hylian.html
Thadd.html,Hylian.html
The_Bombers.html,Hylian.html
The_Indigo-Go's.html,Zora.html
The_Indigo-Gos.html,Zora.html
The_Lady.html,Human_(race).html
Thief_Girl.html,Hylian.html
Thieves'_Town_Item_Seller.html,Human.html
Thieves'_Town_Item_Seller.html,Hylian.html
Thin_Man.html,Human.html
Tho_Kayu.html,Sheikah.html
Thomas.html,Human.html
Tick_Tock.html,Human.html
Tick_Tock.html,Human_(race).html
Tijo.html,Zora.html
Tijo.html,Zora.html
Tina_&_Dina.html,Hylian.html
Tingle%2FHyrule_Warriors.html,Hylian.html
Tingle's_Father.html,Hylian.html
Tingle's_Mother.html,Human.html
Tingle's_Parents.html,Human.html
Tingle's_Uncle.html,Hylian.html
Tingle's_Uncle.html,Tingles.html
Tingle.html,Hylian.html
Tingle.html,Hylian.html
Tingle.html,Hylian.html
Tingle.html,Hylian.html
Tingle.html,Hylian.html
Tingle.html,Tingles.html
Tingle_Brothers.html,Hylian.html
Tingle_Brothers_and_Sister.html,Hylian.html
Tiny_Link.html,Hylian.html
To_Quomo.html,Sheikah.html
Toffa.html,Hylian.html
Toffa.html,Hylian.html
Toh_Yahsa.html,Sheikah.html
Tokk.html,Hylian.html
Tokkey.html,Human.html
Tokkey.html,Human_(race).html
Toma.html,Hylian.html
Toma.html,Hylian.html
Tona.html,Zora.html
Toon_Link.html,Hylian.html
Toon_Zelda.html,Hylian.html
Toren.html,Hylian.html
Torfeau.html,Zora.html
Torfeau.html,Zora.html
Tortus.html,Hylian.html
Tortus.html,Hylian.html
Toto.html,Zora.html
Toto.html,Zora.html
Toto_Sah.html,Sheikah.html
Totsuna.html,Hylian.html
Tott.html,Human_(race).html
Tottika.html,Zora.html
Town_Shooting_Gallery_Guy.html,Hylian.html
Town_Tool_Shopkeeper.html,Human.html
Tracy.html,Human.html
Trading_Post_Guy.html,Hylian.html
Traveling_Merchant.html,Goron.html
Traveling_Merchants.html,Goron.html
Traveling_Merchants.html,Goron.html
Traveling_Warrior.html,Hylian.html
Tray.html,Goron.html
Tray.html,Goron.html
Traysi.html,Hylian.html
Traysi.html,Hylian.html
Treasure_Chest_Shop_Gal.html,Hylian.html
Treasure_Hunter.html,Human.html
Treasure_Teller.html,Hylian.html
Treasure_Teller.html,Hylian.html
Trello.html,Zora.html
Trey.html,Goron.html
Trissa.html,Sheikah.html
Trott.html,Hylian.html
Troy.html,Human.html
Tu_Ka'loh.html,Sheikah.html
Tubert.html,Mogma.html
Tubert.html,Mogma.html
Tula.html,Zora.html
Tula.html,Zora.html
Tulin.html,Rito.html
Tulin.html,Rito.html
Tumbo.html,Zora.html
Turtle.html,Animals.html
Tutsuwa_Nima.html,Sheikah.html
Twili_Midna.html,Twili.html
Twin_Jugglers.html,Hylian.html
Twins.html,Hylian.html
Twins.html,Hylian.html
Tye.html,Hylian.html
Tyto.html,Mogma.html
Tyto.html,Mogma.html
Uli.html,Human.html
Uli.html,Human_(race).html
Ulrira.html,Human.html
Ulrira.html,Human_(race).html
Uma.html,Hylian.html
Underwater_Goron.html,Goron.html
Unnamed_Baby.html,Hylian.html
Urbosa.html,Gerudo.html
Urbosa.html,Gerudo.html
Valenzuela.html,Hylian.html
Valoo.html,Deity.html
Valoo.html,Dragon.html
Varke.html,Hylian.html
Vassal.html,Hylian.html
Vassals.html,Hylian.html
Vassals.html,Hylian.html
Vasu.html,Human.html
Vasu.html,Human_(race).html
Vasu_Jewelers.html,Human.html
Venus.html,Fairy.html
Venus.html,Fairy.html
Verla.html,Rito.html
Verona.html,Hylian.html
Verona.html,Hylian.html
Veteran_Thief.html,Hylian.html
Vicente.html,Hylian.html
Vilia.html,Hylian.html
Vilia.html,Hylian.html
Villagers.html,Hylian.html
Volcon.html,Goron.html
Volcon.html,Goron.html
Volga.html,Dragon.html
Voo_Lota.html,Sheikah.html
Wabbin.html,Hylian.html
Wahgo_Katta.html,Sheikah.html
Waitress.html,Human_(race).html
Walton.html,Korok.html
Wandering_Merchant.html,Goron.html
Wandering_Merchants.html,Goron.html
Watchman_Erol.html,Hylian.html
Waveblade.html,Hylian.html
Waveblade.html,Hylian.html
Wheaton.html,Hylian.html
Wheaton_&_Pita.html,Hylian.html
Wheaton_&_Pita.html,Hylian.html
White_Maiden.html,Hylian.html
Whittleton_Chief's_Wife.html,Hylian.html
Whittleton_Chief.html,Hylian.html
Whittleton_Chief.html,Hylian.html
Willi.html,Human.html
Willi.html,Human.html
Willi.html,Rito.html
Willi.html,Rito.html
Wind_Fish.html,Deity.html
Windmill_Man.html,Human.html
Windmill_Man.html,Hylian.html
Wise_Man.html,Hylian.html
Wise_One.html,Hylian.html
Wise_One.html,Hylian.html
Witch's_Assistant.html,Human.html
Witch_(A_Link_Between_Worlds).html,Hylian.html
Wolf-Link.html,Wolf.html
Wolf_Link's_Howl.html,Wolf.html
Wolf_Link.html,Wolf.html
Wolf_Link.html,Wolf.html
Woman.html,Human.html
Woman.html,Hylian.html
Worten.html,Hylian.html
Wryna.html,Hylian.html
Wryna.html,Hylian.html
Ya_Naga.html,Sheikah.html
Yah_Rin.html,Sheikah.html
Yaido.html,Gerudo.html
Yaido.html,Gerudo.html
Yammo.html,Hylian.html
Yefu.html,Anouki.html
Yefu.html,Anouki.html
Yeko.html,Anouki.html
Yeko.html,Anouki.html
Yellow_Maiden.html,Hylian.html
Yellow_Shrine_Maiden.html,Hylian.html
Yerbal.html,Kikwi.html
Yerbal.html,Kikwi.html
Yeta.html,Yeti.html
Yeta.html,Yeti.html
Yeto.html,Yeti.html
Yeto.html,Yeti.html
Yolero.html,Hylian.html
Young_Link.html,Hylian.html
Young_Punk_Guy.html,Hylian.html
Yowaka_Ita.html,Sheikah.html
Yunobo.html,Goron.html
Yunobo.html,Goron.html
Zalta_Wa.html,Sheikah.html
Zanc.html,Mogma.html
Zanc.html,Mogma.html
Zant.html,Twili.html
Zauz.html,Cobble.html
Zauz.html,Hylian.html
Ze_Kasho.html,Sheikah.html
Zelda's_Clone.html,Hylian.html
Zelda's_Mother.html,Hylian.html
Zelda's_Nursemaid.html,Hylian.html
Zephos.html,Deity.html
Zephos.html,Deity.html
Zephos.html,Frog.html
Zeu.html,Hylian.html
Zill.html,Human_(race).html
Zill.html,Hylian.html
Zill.html,Hylian.html
Zooki.html,Korok.html
Zora_(Ishinomori).html,Zola.html
Zora_(character).html,Zora.html
Zora_Link.html,Zora.html
Zora_Link.html,Zora.html
Zora_Underling.html,River_Zora.html
Zora_Underling.html,Zora_(Enemy).html
Zorona.html,Hylian.html
Zorona.html,Hylian.html
Zubora_and_Gabora.html,Hylian.html
Zuko.html,Hylian.html
Zuko.html,Hylian.html
Zumi.html,Hylian.html
Zuna_Kai.html,Sheikah.html
Zunari.html,Human.html
Zunari.html,Hylian.html
Zuta.html,Hylian.html
Zyle.html,Hylian.html
Zyle.html,Hylian.html
